sdl_id,lat,lon,tiff_url,ecw_url
MAP342a_02S,49.21019,-123.162,https://webtransfer.vancouver.ca/opendata/1912tiff/MAP342a_02S.zip,https://webtransfer.vancouver.ca/opendata/1912ecw/MAP342a_02S.ecw
MAP342a_02W,49.25169,-123.22873,https://webtransfer.vancouver.ca/opendata/1912tiff/MAP342a_02W.zip,https://webtransfer.vancouver.ca/opendata/1912ecw/MAP342a_02W.ecw
MAP342a_03,49.28864,-123.11626,https://webtransfer.vancouver.ca/opendata/1912tiff/MAP342a_03.zip,https://webtransfer.vancouver.ca/opendata/1912ecw/MAP342a_03.ecw
MAP342a_04,49.2846,-123.10787,https://webtransfer.vancouver.ca/opendata/1912tiff/MAP342a_04.zip,https://webtransfer.vancouver.ca/opendata/1912ecw/MAP342a_04.ecw
MAP342a_05,49.2904,-123.12601,https://webtransfer.vancouver.ca/opendata/1912tiff/MAP342a_05.zip,https://webtransfer.vancouver.ca/opendata/1912ecw/MAP342a_05.ecw
MAP342a_06,49.28517,-123.11811,https://webtransfer.vancouver.ca/opendata/1912tiff/MAP342a_06.zip,https://webtransfer.vancouver.ca/opendata/1912ecw/MAP342a_06.ecw
MAP342a_07,49.28021,-123.10974,https://webtransfer.vancouver.ca/opendata/1912tiff/MAP342a_07.zip,https://webtransfer.vancouver.ca/opendata/1912ecw/MAP342a_07.ecw
MAP342a_08,49.29226,-123.13578,https://webtransfer.vancouver.ca/opendata/1912tiff/MAP342a_08.zip,https://webtransfer.vancouver.ca/opendata/1912ecw/MAP342a_08.ecw
MAP342a_09,49.28879,-123.14056,https://webtransfer.vancouver.ca/opendata/1912tiff/MAP342a_09.zip,https://webtransfer.vancouver.ca/opendata/1912ecw/MAP342a_09.ecw
MAP342a_10,49.28663,-123.12931,https://webtransfer.vancouver.ca/opendata/1912tiff/MAP342a_10.zip,https://webtransfer.vancouver.ca/opendata/1912ecw/MAP342a_10.ecw
MAP342a_11,49.28351,-123.13381,https://webtransfer.vancouver.ca/opendata/1912tiff/MAP342a_11.zip,https://webtransfer.vancouver.ca/opendata/1912ecw/MAP342a_11.ecw
MAP342a_12,49.28157,-123.12116,https://webtransfer.vancouver.ca/opendata/1912tiff/MAP342a_12.zip,https://webtransfer.vancouver.ca/opendata/1912ecw/MAP342a_12.ecw
MAP342a_13,49.27835,-123.12636,https://webtransfer.vancouver.ca/opendata/1912tiff/MAP342a_13.zip,https://webtransfer.vancouver.ca/opendata/1912ecw/MAP342a_13.ecw
MAP342a_14,49.27645,-123.11365,https://webtransfer.vancouver.ca/opendata/1912tiff/MAP342a_14.zip,https://webtransfer.vancouver.ca/opendata/1912ecw/MAP342a_14.ecw
MAP342a_15_a,49.27317,-123.11869,https://webtransfer.vancouver.ca/opendata/1912tiff/MAP342a_15_a.zip,https://webtransfer.vancouver.ca/opendata/1912ecw/MAP342a_15_a.ecw
MAP342a_15_b,49.27933,-123.10603,https://webtransfer.vancouver.ca/opendata/1912tiff/MAP342a_15_b.zip,https://webtransfer.vancouver.ca/opendata/1912ecw/MAP342a_15_b.ecw
MAP342a_16,49.28358,-123.14101,https://webtransfer.vancouver.ca/opendata/1912tiff/MAP342a_16.zip,https://webtransfer.vancouver.ca/opendata/1912ecw/MAP342a_16.ecw
MAP342a_17,49.27915,-123.13598,https://webtransfer.vancouver.ca/opendata/1912tiff/MAP342a_17.zip,https://webtransfer.vancouver.ca/opendata/1912ecw/MAP342a_17.ecw
MAP342a_18,49.2738,-123.1293,https://webtransfer.vancouver.ca/opendata/1912tiff/MAP342a_18.zip,https://webtransfer.vancouver.ca/opendata/1912ecw/MAP342a_18.ecw
MAP342a_19,49.27274,-123.14641,https://webtransfer.vancouver.ca/opendata/1912tiff/MAP342a_19.zip,https://webtransfer.vancouver.ca/opendata/1912ecw/MAP342a_19.ecw
MAP342a_20,49.27151,-123.20381,https://webtransfer.vancouver.ca/opendata/1912tiff/MAP342a_20.zip,https://webtransfer.vancouver.ca/opendata/1912ecw/MAP342a_20.ecw
MAP342a_21,49.26256,-123.20427,https://webtransfer.vancouver.ca/opendata/1912tiff/MAP342a_21.zip,https://webtransfer.vancouver.ca/opendata/1912ecw/MAP342a_21.ecw
MAP342a_22,49.26816,-123.18343,https://webtransfer.vancouver.ca/opendata/1912tiff/MAP342a_22.zip,https://webtransfer.vancouver.ca/opendata/1912ecw/MAP342a_22.ecw
MAP342a_23,49.26945,-123.1606,https://webtransfer.vancouver.ca/opendata/1912tiff/MAP342a_23.zip,https://webtransfer.vancouver.ca/opendata/1912ecw/MAP342a_23.ecw
MAP342a_24,49.25859,-123.18429,https://webtransfer.vancouver.ca/opendata/1912tiff/MAP342a_24.zip,https://webtransfer.vancouver.ca/opendata/1912ecw/MAP342a_24.ecw
MAP342a_25,49.26012,-123.16112,https://webtransfer.vancouver.ca/opendata/1912tiff/MAP342a_25.zip,https://webtransfer.vancouver.ca/opendata/1912ecw/MAP342a_25.ecw
MAP342a_26,49.26441,-123.138,https://webtransfer.vancouver.ca/opendata/1912tiff/MAP342a_26.zip,https://webtransfer.vancouver.ca/opendata/1912ecw/MAP342a_26.ecw
MAP342a_27,49.26771,-123.11562,https://webtransfer.vancouver.ca/opendata/1912tiff/MAP342a_27.zip,https://webtransfer.vancouver.ca/opendata/1912ecw/MAP342a_27.ecw
MAP342a_28,49.25534,-123.13833,https://webtransfer.vancouver.ca/opendata/1912tiff/MAP342a_28.zip,https://webtransfer.vancouver.ca/opendata/1912ecw/MAP342a_28.ecw
MAP342a_29,49.25867,-123.116,https://webtransfer.vancouver.ca/opendata/1912tiff/MAP342a_29.zip,https://webtransfer.vancouver.ca/opendata/1912ecw/MAP342a_29.ecw
MAP342a_30,49.24899,-123.18471,https://webtransfer.vancouver.ca/opendata/1912tiff/MAP342a_30.zip,https://webtransfer.vancouver.ca/opendata/1912ecw/MAP342a_30.ecw
MAP342a_31,49.25074,-123.1616,https://webtransfer.vancouver.ca/opendata/1912tiff/MAP342a_31.zip,https://webtransfer.vancouver.ca/opendata/1912ecw/MAP342a_31.ecw
MAP342a_32,49.23953,-123.18479,https://webtransfer.vancouver.ca/opendata/1912tiff/MAP342a_32.zip,https://webtransfer.vancouver.ca/opendata/1912ecw/MAP342a_32.ecw
MAP342a_33,49.2413,-123.16161,https://webtransfer.vancouver.ca/opendata/1912tiff/MAP342a_33.zip,https://webtransfer.vancouver.ca/opendata/1912ecw/MAP342a_33.ecw
MAP342a_34,49.24668,-123.13902,https://webtransfer.vancouver.ca/opendata/1912tiff/MAP342a_34.zip,https://webtransfer.vancouver.ca/opendata/1912ecw/MAP342a_34.ecw
MAP342a_35,49.24939,-123.11613,https://webtransfer.vancouver.ca/opendata/1912tiff/MAP342a_35.zip,https://webtransfer.vancouver.ca/opendata/1912ecw/MAP342a_35.ecw
MAP342a_36,49.23715,-123.13935,https://webtransfer.vancouver.ca/opendata/1912tiff/MAP342a_36.zip,https://webtransfer.vancouver.ca/opendata/1912ecw/MAP342a_36.ecw
MAP342a_37,49.23911,-123.11662,https://webtransfer.vancouver.ca/opendata/1912tiff/MAP342a_37.zip,https://webtransfer.vancouver.ca/opendata/1912ecw/MAP342a_37.ecw
MAP342a_38,49.23015,-123.18485,https://webtransfer.vancouver.ca/opendata/1912tiff/MAP342a_38.zip,https://webtransfer.vancouver.ca/opendata/1912ecw/MAP342a_38.ecw
MAP342a_39,49.23183,-123.16195,https://webtransfer.vancouver.ca/opendata/1912tiff/MAP342a_39.zip,https://webtransfer.vancouver.ca/opendata/1912ecw/MAP342a_39.ecw
MAP342a_40,49.22075,-123.18435,https://webtransfer.vancouver.ca/opendata/1912tiff/MAP342a_40.zip,https://webtransfer.vancouver.ca/opendata/1912ecw/MAP342a_40.ecw
MAP342a_41,49.22232,-123.16167,https://webtransfer.vancouver.ca/opendata/1912tiff/MAP342a_41.zip,https://webtransfer.vancouver.ca/opendata/1912ecw/MAP342a_41.ecw
MAP342a_42,49.22748,-123.13956,https://webtransfer.vancouver.ca/opendata/1912tiff/MAP342a_42.zip,https://webtransfer.vancouver.ca/opendata/1912ecw/MAP342a_42.ecw
MAP342a_43,49.23016,-123.11692,https://webtransfer.vancouver.ca/opendata/1912tiff/MAP342a_43.zip,https://webtransfer.vancouver.ca/opendata/1912ecw/MAP342a_43.ecw
MAP342a_44,49.21834,-123.13973,https://webtransfer.vancouver.ca/opendata/1912tiff/MAP342a_44.zip,https://webtransfer.vancouver.ca/opendata/1912ecw/MAP342a_44.ecw
MAP342a_45,49.22057,-123.11755,https://webtransfer.vancouver.ca/opendata/1912tiff/MAP342a_45.zip,https://webtransfer.vancouver.ca/opendata/1912ecw/MAP342a_45.ecw
MAP342a_46,49.21314,-123.13855,https://webtransfer.vancouver.ca/opendata/1912tiff/MAP342a_46.zip,https://webtransfer.vancouver.ca/opendata/1912ecw/MAP342a_46.ecw
MAP342a_47,49.2125,-123.11741,https://webtransfer.vancouver.ca/opendata/1912tiff/MAP342a_47.zip,https://webtransfer.vancouver.ca/opendata/1912ecw/MAP342a_47.ecw
MAP342a_48,49.20396,-123.13956,https://webtransfer.vancouver.ca/opendata/1912tiff/MAP342a_48.zip,https://webtransfer.vancouver.ca/opendata/1912ecw/MAP342a_48.ecw
MAP342a_49,49.20471,-123.11772,https://webtransfer.vancouver.ca/opendata/1912tiff/MAP342a_49.zip,https://webtransfer.vancouver.ca/opendata/1912ecw/MAP342a_49.ecw
MAP342a_50,49.27303,-123.22386,https://webtransfer.vancouver.ca/opendata/1912tiff/MAP342a_50.zip,https://webtransfer.vancouver.ca/opendata/1912ecw/MAP342a_50.ecw
MAP342b_01,49.28561,-123.10008,https://webtransfer.vancouver.ca/opendata/1912tiff/MAP342b_01.zip,https://webtransfer.vancouver.ca/opendata/1912ecw/MAP342b_01.ecw
MAP342b_02,49.28624,-123.09208,https://webtransfer.vancouver.ca/opendata/1912tiff/MAP342b_02.zip,https://webtransfer.vancouver.ca/opendata/1912ecw/MAP342b_02.ecw
MAP342b_03,49.28278,-123.10005,https://webtransfer.vancouver.ca/opendata/1912tiff/MAP342b_03.zip,https://webtransfer.vancouver.ca/opendata/1912ecw/MAP342b_03.ecw
MAP342b_04,49.28307,-123.08992,https://webtransfer.vancouver.ca/opendata/1912tiff/MAP342b_04.zip,https://webtransfer.vancouver.ca/opendata/1912ecw/MAP342b_04.ecw
MAP342b_05,49.2795,-123.1004,https://webtransfer.vancouver.ca/opendata/1912tiff/MAP342b_05.zip,https://webtransfer.vancouver.ca/opendata/1912ecw/MAP342b_05.ecw
MAP342b_06,49.27883,-123.09018,https://webtransfer.vancouver.ca/opendata/1912tiff/MAP342b_06.zip,https://webtransfer.vancouver.ca/opendata/1912ecw/MAP342b_06.ecw
MAP342b_07,49.27538,-123.1007,https://webtransfer.vancouver.ca/opendata/1912tiff/MAP342b_07.zip,https://webtransfer.vancouver.ca/opendata/1912ecw/MAP342b_07.ecw
MAP342b_08,49.27467,-123.09033,https://webtransfer.vancouver.ca/opendata/1912tiff/MAP342b_08.zip,https://webtransfer.vancouver.ca/opendata/1912ecw/MAP342b_08.ecw
MAP342b_09,49.28104,-123.08019,https://webtransfer.vancouver.ca/opendata/1912tiff/MAP342b_09.zip,https://webtransfer.vancouver.ca/opendata/1912ecw/MAP342b_09.ecw
MAP342b_10,49.28077,-123.07048,https://webtransfer.vancouver.ca/opendata/1912tiff/MAP342b_10.zip,https://webtransfer.vancouver.ca/opendata/1912ecw/MAP342b_10.ecw
MAP342b_11,49.27722,-123.08021,https://webtransfer.vancouver.ca/opendata/1912tiff/MAP342b_11.zip,https://webtransfer.vancouver.ca/opendata/1912ecw/MAP342b_11.ecw
MAP342b_12,49.27664,-123.07077,https://webtransfer.vancouver.ca/opendata/1912tiff/MAP342b_12.zip,https://webtransfer.vancouver.ca/opendata/1912ecw/MAP342b_12.ecw
MAP342b_13,49.28624,-123.07662,https://webtransfer.vancouver.ca/opendata/1912tiff/MAP342b_13.zip,https://webtransfer.vancouver.ca/opendata/1912ecw/MAP342b_13.ecw
MAP342b_14,49.28786,-123.05463,https://webtransfer.vancouver.ca/opendata/1912tiff/MAP342b_14.zip,https://webtransfer.vancouver.ca/opendata/1912ecw/MAP342b_14.ecw
MAP342b_15,49.28799,-123.03313,https://webtransfer.vancouver.ca/opendata/1912tiff/MAP342b_15.zip,https://webtransfer.vancouver.ca/opendata/1912ecw/MAP342b_15.ecw
MAP342b_16,49.2782,-123.05477,https://webtransfer.vancouver.ca/opendata/1912tiff/MAP342b_16.zip,https://webtransfer.vancouver.ca/opendata/1912ecw/MAP342b_16.ecw
MAP342b_17,49.27816,-123.03351,https://webtransfer.vancouver.ca/opendata/1912tiff/MAP342b_17.zip,https://webtransfer.vancouver.ca/opendata/1912ecw/MAP342b_17.ecw
MAP342b_18,49.26907,-123.09326,https://webtransfer.vancouver.ca/opendata/1912tiff/MAP342b_18.zip,https://webtransfer.vancouver.ca/opendata/1912ecw/MAP342b_18.ecw
MAP342b_19,49.27034,-123.07648,https://webtransfer.vancouver.ca/opendata/1912tiff/MAP342b_19.zip,https://webtransfer.vancouver.ca/opendata/1912ecw/MAP342b_19.ecw
MAP342b_20,49.26955,-123.0548,https://webtransfer.vancouver.ca/opendata/1912tiff/MAP342b_20.zip,https://webtransfer.vancouver.ca/opendata/1912ecw/MAP342b_20.ecw
MAP342b_21,49.26957,-123.03378,https://webtransfer.vancouver.ca/opendata/1912tiff/MAP342b_21.zip,https://webtransfer.vancouver.ca/opendata/1912ecw/MAP342b_21.ecw
MAP342b_22,49.26075,-123.09423,https://webtransfer.vancouver.ca/opendata/1912tiff/MAP342b_22.zip,https://webtransfer.vancouver.ca/opendata/1912ecw/MAP342b_22.ecw
MAP342b_23,49.26115,-123.07511,https://webtransfer.vancouver.ca/opendata/1912tiff/MAP342b_23.zip,https://webtransfer.vancouver.ca/opendata/1912ecw/MAP342b_23.ecw
MAP342b_24,49.26106,-123.05528,https://webtransfer.vancouver.ca/opendata/1912tiff/MAP342b_24.zip,https://webtransfer.vancouver.ca/opendata/1912ecw/MAP342b_24.ecw
MAP342b_25,49.26111,-123.03367,https://webtransfer.vancouver.ca/opendata/1912tiff/MAP342b_25.zip,https://webtransfer.vancouver.ca/opendata/1912ecw/MAP342b_25.ecw
MAP342b_26,49.25311,-123.09434,https://webtransfer.vancouver.ca/opendata/1912tiff/MAP342b_26.zip,https://webtransfer.vancouver.ca/opendata/1912ecw/MAP342b_26.ecw
MAP342b_27,49.25181,-123.07478,https://webtransfer.vancouver.ca/opendata/1912tiff/MAP342b_27.zip,https://webtransfer.vancouver.ca/opendata/1912ecw/MAP342b_27.ecw
MAP342b_28,49.25188,-123.05595,https://webtransfer.vancouver.ca/opendata/1912tiff/MAP342b_28.zip,https://webtransfer.vancouver.ca/opendata/1912ecw/MAP342b_28.ecw
MAP342b_29,49.25179,-123.03403,https://webtransfer.vancouver.ca/opendata/1912tiff/MAP342b_29.zip,https://webtransfer.vancouver.ca/opendata/1912ecw/MAP342b_29.ecw
MAP342b_30,49.24384,-123.09458,https://webtransfer.vancouver.ca/opendata/1912tiff/MAP342b_30.zip,https://webtransfer.vancouver.ca/opendata/1912ecw/MAP342b_30.ecw
MAP342b_31,49.24343,-123.07459,https://webtransfer.vancouver.ca/opendata/1912tiff/MAP342b_31.zip,https://webtransfer.vancouver.ca/opendata/1912ecw/MAP342b_31.ecw
MAP342b_32,49.24268,-123.05447,https://webtransfer.vancouver.ca/opendata/1912tiff/MAP342b_32.zip,https://webtransfer.vancouver.ca/opendata/1912ecw/MAP342b_32.ecw
MAP342b_33,49.24266,-123.03468,https://webtransfer.vancouver.ca/opendata/1912tiff/MAP342b_33.zip,https://webtransfer.vancouver.ca/opendata/1912ecw/MAP342b_33.ecw
MAP342b_34,49.23418,-123.09508,https://webtransfer.vancouver.ca/opendata/1912tiff/MAP342b_34.zip,https://webtransfer.vancouver.ca/opendata/1912ecw/MAP342b_34.ecw
MAP342b_35,49.23381,-123.07473,https://webtransfer.vancouver.ca/opendata/1912tiff/MAP342b_35.zip,https://webtransfer.vancouver.ca/opendata/1912ecw/MAP342b_35.ecw
MAP342b_36,49.2343,-123.05431,https://webtransfer.vancouver.ca/opendata/1912tiff/MAP342b_36.zip,https://webtransfer.vancouver.ca/opendata/1912ecw/MAP342b_36.ecw
MAP342b_37,49.23411,-123.03477,https://webtransfer.vancouver.ca/opendata/1912tiff/MAP342b_37.zip,https://webtransfer.vancouver.ca/opendata/1912ecw/MAP342b_37.ecw
MAP342b_38,49.22487,-123.09521,https://webtransfer.vancouver.ca/opendata/1912tiff/MAP342b_38.zip,https://webtransfer.vancouver.ca/opendata/1912ecw/MAP342b_38.ecw
MAP342b_39,49.22453,-123.07522,https://webtransfer.vancouver.ca/opendata/1912tiff/MAP342b_39.zip,https://webtransfer.vancouver.ca/opendata/1912ecw/MAP342b_39.ecw
MAP342b_40,49.225,-123.05487,https://webtransfer.vancouver.ca/opendata/1912tiff/MAP342b_40.zip,https://webtransfer.vancouver.ca/opendata/1912ecw/MAP342b_40.ecw
MAP342b_41,49.22476,-123.0328,https://webtransfer.vancouver.ca/opendata/1912tiff/MAP342b_41.zip,https://webtransfer.vancouver.ca/opendata/1912ecw/MAP342b_41.ecw
MAP342b_42,49.21568,-123.09556,https://webtransfer.vancouver.ca/opendata/1912tiff/MAP342b_42.zip,https://webtransfer.vancouver.ca/opendata/1912ecw/MAP342b_42.ecw
MAP342b_43,49.21654,-123.07544,https://webtransfer.vancouver.ca/opendata/1912tiff/MAP342b_43.zip,https://webtransfer.vancouver.ca/opendata/1912ecw/MAP342b_43.ecw
MAP342b_44,49.21599,-123.05488,https://webtransfer.vancouver.ca/opendata/1912tiff/MAP342b_44.zip,https://webtransfer.vancouver.ca/opendata/1912ecw/MAP342b_44.ecw
MAP342b_45,49.21568,-123.03426,https://webtransfer.vancouver.ca/opendata/1912tiff/MAP342b_45.zip,https://webtransfer.vancouver.ca/opendata/1912ecw/MAP342b_45.ecw
MAP342b_46,49.20757,-123.09608,https://webtransfer.vancouver.ca/opendata/1912tiff/MAP342b_46.zip,https://webtransfer.vancouver.ca/opendata/1912ecw/MAP342b_46.ecw
MAP342b_47,49.20909,-123.07622,https://webtransfer.vancouver.ca/opendata/1912tiff/MAP342b_47.zip,https://webtransfer.vancouver.ca/opendata/1912ecw/MAP342b_47.ecw
MAP342b_48,49.20816,-123.05547,https://webtransfer.vancouver.ca/opendata/1912tiff/MAP342b_48.zip,https://webtransfer.vancouver.ca/opendata/1912ecw/MAP342b_48.ecw
MAP342b_49,49.20663,-123.0341,https://webtransfer.vancouver.ca/opendata/1912tiff/MAP342b_49.zip,https://webtransfer.vancouver.ca/opendata/1912ecw/MAP342b_49.ecw
