id,text,x1,y1,x2,y2,src_x1,src_y1,src_x2,src_y2,tile,dup_of,fragment,surya_line,surya_conf,rotation,conflict
571,No 2.,2658,51,2749,83,4964,95,5135,155,r0c4,,,,,0,
561,SHEET,2171,58,2291,89,4054,108,4278,166,r0c3,,,,,0,
558,SEE,1685,63,1752,91,3146,118,3272,171,r0c2,,,,,0,
474,APRIL 1889,2932,104,3079,138,5475,195,5751,258,r0c5,,,,,0,
419,80',1289,124,1336,154,2408,231,2495,287,r0c2,,,,,0,
370,TAMPA,2885,144,3124,196,5388,268,5834,366,r0c5,,,,,0,
365,O.H.,3225,147,3254,161,6023,274,6078,300,r0c5,,,,,0,
417,3,3249,164,3328,270,6068,306,6215,505,r0c5,,,,,0,
235,FLA.,2986,199,3046,223,5577,372,5689,416,r0c5,,,,,0,
289,PLATFORM.,1101,228,1127,402,2057,426,2105,750,r0c1,,,,,0,
312,MADISON,1782,241,2041,288,3329,450,3812,538,r0c3,,,,,0,
126,80',1470,247,1497,298,2746,462,2796,557,r0c2,,,,,0,
137,80',2926,253,2954,308,5465,473,5517,575,r0c5,,,,,0,
310,20.,2857,372,2891,391,5336,696,5399,730,r0c5,,,,,0,
88,15',1543,373,1573,392,2882,697,2938,732,r0c2,,,,,0,
85,19,2618,378,2644,396,4890,706,4938,740,r0c4,,,,,0,
72,18,2429,380,2457,399,4537,710,4588,746,r0c4,,,,,0,
66,17,1895,387,1922,404,3540,723,3590,754,r0c3,,,,,0,
551,16',1750,389,1774,406,3268,727,3314,757,r0c2,,,,,0,
283,Shops.,2865,396,2902,450,5350,740,5421,841,r0c5,,,,,0,
4,2,1432,400,1444,415,2674,747,2697,776,r0c2,,,,,0,
663,P.R.DOCK. TO BE BUILT.,560,408,597,768,1046,762,1115,1434,r0c0,,,,,0,
147,Tobac.,2922,410,2982,428,5458,766,5570,799,r0c5,,,,,0,
13,2,1451,416,1466,435,2710,777,2739,812,r0c2,,,,,0,
31,SO,3100,426,3138,454,5791,796,5861,848,r0c5,,,,,0,
415,80',2201,429,2253,456,4110,802,4208,852,r0c3,,,,,0,
52,x,2976,433,2985,442,5558,809,5576,826,r0c5,,,,,0,
498,1,1170,449,1180,465,2185,839,2204,869,r0c2,,,,,0,
427,1,1194,449,1202,465,2230,839,2245,868,r0c2,,,,,0,
302,THE PLANT HO.,1452,466,1668,495,2712,871,3116,924,r0c2,,,,,0,
104,1/2,2046,488,2068,506,3822,912,3862,945,r0c3,,,,,0,
95,1,2083,488,2093,502,3891,911,3910,938,r0c3,,,,,0,
113,1,1876,498,1885,511,3504,929,3521,955,r0c3,,,,,0,
182,30,2104,508,2121,548,3930,950,3961,1024,r0c3,,,,,0,
313,"6"" W.P.",1264,515,1277,598,2360,962,2385,1117,r0c2,,,,,0,
163,Dny,2028,515,2069,539,3788,961,3864,1007,r0c3,,,,,0,
437,1,1728,517,1738,530,3227,965,3245,990,r0c3,,,,,0,
541,0,1753,517,1765,528,3274,965,3297,987,r0c2,,,,,0,
318,1,1665,533,1673,546,3110,995,3125,1020,r0c2,,,,,0,
361,x,1681,538,1692,548,3139,1004,3161,1024,r0c2,,,,,0,
585,Freight M.Ho.,1145,551,1171,730,2139,1030,2187,1363,r0c2,,,,,0,
672,6',1264,555,1278,596,2360,1037,2386,1114,r1c2,,,,,0,
271,2,2913,568,2925,582,5441,1061,5464,1087,r0c5,,,,,0,
278,2,2887,570,2901,585,5392,1064,5418,1093,r0c5,,,,,0,
354,1,2751,571,2763,588,5138,1067,5161,1097,r0c4,,,,,0,
451,SCOTLAND,2796,578,2915,602,5223,1080,5445,1125,r0c5,,,,,0,
326,TANK.,1984,585,2031,602,3706,1093,3793,1125,r0c3,,,,,0,
595,1,1648,587,1656,602,3077,1097,3093,1124,r1c2,,,,,0,
587,S.F.R.R.DOCK.,562,593,598,854,1050,1108,1117,1595,r1c0,,,,,0,
580,421,2996,596,3013,638,5596,1114,5627,1191,r1c5,,,,,0,
371,HO.,2831,604,2868,624,5287,1129,5356,1166,r0c5,,,,,0,
364,x,1651,611,1659,619,3083,1142,3099,1156,r0c2,,,,,0,
438,x,1190,622,1201,633,2222,1162,2244,1182,r0c2,,,,,0,
547,x,2752,624,2763,633,5141,1166,5161,1183,r1c4,,,,,0,
536,221.,1405,636,1425,679,2624,1189,2661,1269,r1c2,,,,,0,
436,KITCHEN.,1589,636,1655,651,2967,1188,3092,1216,r0c2,,,,,0,
450,1,2326,644,2336,657,4345,1202,4363,1226,r0c4,,,,,0,
473,2½,2358,644,2382,664,4403,1203,4449,1239,r0c4,,,,,0,
449,x,2916,645,2927,656,5446,1205,5467,1225,r0c5,,,,,0,
452,x,2890,646,2901,657,5398,1206,5418,1226,r0c5,,,,,0,
480,x,1648,657,1659,667,3079,1228,3099,1246,r0c2,,,,,0,
470,CENTRAL HO.,2355,661,2491,682,4399,1235,4653,1273,r1c4,,,,,0,
506,1,2326,662,2336,676,4345,1236,4363,1262,r0c4,,,,,0,
633,No4.,3315,663,3351,757,6191,1238,6258,1414,r0c5,,,,,0,
667,C2,2356,664,2379,684,4400,1239,4443,1277,r0c3,,,,,0,
431,321,2332,674,2348,710,4355,1259,4385,1326,r1c4,,,,,0,
399,1,2546,687,2553,701,4755,1283,4768,1309,r1c4,,,,,0,
393,1,2494,689,2504,705,4659,1288,4677,1316,r1c4,,,,,0,
372,3,2681,699,2722,743,5007,1306,5083,1388,r1c4,,,,,0,
355,309,2105,708,2123,754,3931,1322,3966,1408,r1c3,,,,,0,
350,321½,2596,709,2643,725,4848,1323,4936,1355,r1c4,,,,,0,
341,x,1450,715,1461,725,2709,1335,2729,1355,r1c2,,,,,0,
579,10,1427,716,1440,727,2666,1337,2689,1357,r0c2,,,,,0,
356,2,1763,716,1804,759,3293,1338,3369,1418,r1c3,,,,,0,
333,x,2495,718,2504,728,4660,1341,4677,1359,r1c4,,,,,0,
329,x,2540,720,2550,730,4743,1345,4762,1364,r1c4,,,,,0,
327,7,3023,721,3036,735,5646,1346,5670,1374,r1c5,,,,,0,
323,x,2365,722,2372,732,4416,1349,4431,1366,r1c4,,,,,0,
316,x,2335,725,2345,733,4360,1355,4379,1369,r1c4,,,,,0,
317,7,2974,725,2989,741,5554,1355,5583,1384,r1c5,,,,,0,
599,1,2331,726,2340,737,4353,1355,4370,1377,r0c4,,,,,0,
279,1,2588,738,2597,756,4834,1378,4851,1412,r1c4,,,,,0,
627,1,2762,739,2769,753,5158,1380,5171,1406,r0c4,,,,,0,
275,420,2996,739,3014,784,5596,1379,5629,1464,r1c5,,,,,0,
646,W.HO.,2596,743,2638,764,4848,1388,4927,1427,r0c4,,,,,0,
262,Gro.,2942,746,2985,771,5494,1394,5576,1440,r1c5,,,,,0,
651,1,2762,753,2769,765,5158,1406,5171,1429,r0c4,,,,,0,
215,x,1930,764,1940,776,3604,1427,3623,1450,r1c3,,,,,0,
173,0,3025,779,3036,793,5650,1455,5670,1481,r1c5,,,,,0,
135,1,2548,797,2557,816,4759,1488,4775,1524,r1c4,,,,,0,
123,x,2560,807,2567,816,4782,1507,4794,1524,r1c4,,,,,0,
131,1,2664,824,2672,835,4976,1539,4990,1560,r1c4,,,,,0,
96,1=3,2951,824,2987,839,5512,1539,5578,1567,r1c5,,,,,0,
206,x,2696,825,2705,835,5034,1541,5052,1559,r1c4,,,,,0,
420,OPERa HO.,2764,825,2792,966,5162,1541,5214,1804,r1c4,,,,,0,
71,419,2996,838,3014,879,5596,1566,5629,1642,r1c5,,,,,0,
67,1x,2595,839,2614,851,4847,1567,4882,1589,r1c4,,,,,0,
138,Hardw,2926,847,2951,951,5465,1582,5511,1777,r1c5,,,,,0,
102,Grocky,2948,848,2979,927,5507,1584,5564,1732,r1c5,,,,,0,
115,308,2105,855,2123,916,3931,1596,3966,1711,r1c3,,,,,0,
330,2½,2736,855,2751,881,5109,1596,5138,1646,r1c4,,,,,0,
39,1,2013,861,2026,877,3759,1607,3785,1638,r1c3,,,,,0,
139,x,1053,865,1065,878,1967,1616,1990,1639,r1c1,,,,,0,
145,1,2669,871,2677,884,4986,1628,5000,1650,r1c4,,,,,0,
272,2½,2334,874,2351,910,4359,1632,4390,1699,r1c4,,,,,0,
481,2½,2793,884,2815,917,5217,1650,5257,1714,r1c4,,,,,0,
153,x,2673,889,2683,899,4993,1661,5010,1679,r1c4,,,,,0,
334,STAGE,2736,904,2753,951,5109,1689,5142,1775,r1c4,,,,,0,
36,418,2996,914,3014,953,5596,1708,5629,1780,r1c5,,,,,0,
390,H.R.Offs.,1081,924,1169,947,2018,1726,2183,1768,r1c1,,,,,0,
2,x,2013,924,2023,934,3760,1725,3779,1745,r1c3,,,,,0,
80,1,2631,930,2640,941,4914,1737,4930,1757,r1c4,,,,,0,
141,1,2669,930,2676,941,4984,1737,4999,1757,r1c4,,,,,0,
111,x,2649,931,2658,941,4947,1739,4964,1757,r1c4,,,,,0,
207,x,2696,933,2705,941,5034,1742,5052,1757,r1c4,,,,,0,
99,x,1876,937,1884,946,3504,1751,3518,1767,r1c3,,,,,0,
89,Barbi's,2576,974,2600,1054,4811,1818,4855,1969,r1c4,,,,,0,
116,308,2106,979,2123,1023,3934,1828,3966,1912,r1c3,,,,,0,
30,Fruit,1991,984,2052,1007,3719,1838,3832,1880,r1c3,,,,,0,
185,Tobacco,2678,985,2697,1053,5001,1840,5037,1966,r1c4,,,,,0,
677,D,2685,985,2693,997,5015,1840,5029,1861,r1c5,,,,,0,
48,2,2978,987,2991,1004,5561,1843,5586,1876,r1c5,,,,,0,
167,Grocky,2912,989,2964,1011,5439,1847,5535,1889,r1c5,,,,,0,
140,x,1055,990,1065,1003,1971,1850,1990,1873,r1c1,,,,,0,
90,Meat,2530,991,2551,1054,4726,1851,4765,1969,r1c4,,,,,0,
56,477,2996,996,3015,1034,5596,1860,5631,1932,r1c5,,,,,0,
108,Vac.,2636,1008,2656,1050,4923,1883,4961,1962,r1c4,,,,,0,
203,& Bancry,2898,1010,2975,1033,5412,1886,5557,1929,r1c5,,,,,0,
314,HILLSBOROUGH HO.,1431,1012,1672,1040,2673,1890,3122,1943,r1c2,,,,,0,
676,HHo.,1611,1012,1672,1038,3009,1890,3122,1939,r1c3,,,,,0,
79,OFF,1887,1017,1923,1033,3524,1900,3591,1929,r1c3,,,,,0,
539,2 Confec.,2765,1023,2847,1050,5164,1910,5317,1962,r1c5,,,,,0,
57,x,2039,1025,2047,1035,3808,1914,3824,1933,r1c3,,,,,0,
62,x,2066,1025,2075,1036,3858,1914,3875,1934,r1c3,,,,,0,
214,2,1082,1027,1096,1043,2021,1919,2047,1947,r1c1,,,,,0,
424,0,1171,1030,1184,1043,2188,1924,2211,1949,r1c1,,,,,0,
70,x,1920,1031,1928,1040,3585,1926,3601,1943,r1c3,,,,,0,
74,X,2982,1035,2992,1043,5570,1933,5588,1949,r1c5,,,,,0,
84,x,2603,1040,2610,1050,4861,1943,4875,1962,r1c4,,,,,0,
202,x,2696,1040,2703,1050,5034,1943,5049,1962,r1c4,,,,,0,
86,x,2556,1043,2564,1053,4773,1947,4789,1966,r1c4,,,,,0,
358,10-7,1113,1046,1154,1066,2079,1953,2155,1992,r1c1,,,,,0,
92,x,1918,1046,1929,1056,3583,1953,3603,1972,r1c3,,,,,0,
258,D.H.,2152,1053,2187,1068,4020,1967,4085,1995,r1c3,,,,,0,
468,B.,2792,1058,2814,1073,5214,1976,5256,2005,r1c5,,,,,0,
127,106,2575,1060,2606,1076,4809,1980,4868,2009,r1c4,,,,,0,
157,107.,2648,1060,2684,1076,4946,1980,5013,2009,r1c4,,,,,0,
132,A.,2524,1063,2545,1079,4713,1986,4753,2015,r1c4,,,,,0,
136,105.,2423,1066,2464,1081,4525,1990,4601,2019,r1c4,,,,,0,
381,1,2765,1068,2774,1081,5165,1995,5181,2019,r1c4,,,,,0,
144,104,1884,1069,1924,1084,3519,1996,3593,2025,r1c3,,,,,0,
146,102,1513,1070,1551,1085,2826,1998,2897,2026,r1c2,,,,,0,
443,103,1688,1070,1728,1085,3153,1998,3227,2026,r1c2,,,,,0,
560,9,2843,1070,2855,1081,5310,1999,5331,2019,r1c4,,,,,0,
303,WOODEN BRIDGE.,307,1119,585,1149,574,2091,1093,2147,r1c0,,,,,0,
315,"8""W.P",1782,1135,1841,1153,3329,2120,3438,2153,r1c3,,,,,0,
400,80,2927,1153,2950,1192,5467,2153,5510,2227,r1c5,,,,,0,
447,LAFAYETTE,1724,1166,2034,1209,3220,2177,3799,2259,r1c3,,,,,0,
642,TAMPA STEAM STREET RY.,2078,1217,2372,1234,3881,2273,4430,2305,r1c3,,,,,0,
373,D.H.,1218,1260,1251,1275,2274,2352,2337,2381,r2c2,,,,,0,
347,D.H.,3061,1266,3093,1281,5718,2364,5776,2393,r2c5,,,,,0,
331,N°,2679,1273,2693,1283,5003,2378,5030,2395,r2c4,,,,,0,
328,"8""",2568,1275,2584,1285,4796,2381,4826,2400,r2c4,,,,,0,
324,"8""",2351,1276,2368,1287,4390,2384,4423,2404,r2c4,,,,,0,
382,119,2827,1276,2858,1293,5280,2384,5337,2414,r2c5,,,,,0,
319,"8""",2465,1278,2481,1288,4604,2387,4634,2405,r2c4,,,,,0,
308,117,2643,1282,2672,1298,4937,2394,4990,2424,r2c4,,,,,0,
305,116,2588,1283,2614,1299,4834,2397,4882,2426,r2c4,,,,,0,
299,116,2535,1284,2563,1300,4735,2398,4786,2428,r2c4,,,,,0,
300,118,2711,1285,2741,1301,5063,2400,5119,2430,r2c4,,,,,0,
294,112,2381,1286,2408,1300,4446,2401,4497,2428,r2c4,,,,,0,
295,113,2427,1286,2453,1301,4532,2403,4581,2430,r2c4,,,,,0,
296,117,2490,1286,2518,1301,4650,2401,4703,2430,r2c4,,,,,0,
290,"12""",3028,1287,3044,1298,5656,2404,5685,2424,r2c5,,,,,0,
274,109,1546,1294,1579,1311,2887,2417,2950,2448,r2c2,,,,,0,
293,110,1788,1296,1818,1309,3340,2420,3395,2446,r2c3,,,,,0,
269,111,1850,1296,1876,1308,3455,2420,3504,2443,r2c3,,,,,0,
265,Hides.,925,1297,1000,1324,1727,2423,1868,2473,r2c1,,,,,0,
254,2,2983,1302,2998,1318,5571,2431,5600,2461,r2c5,,,,,0,
545,OFF.,2826,1306,2845,1349,5278,2438,5314,2519,r2c4,,,,,0,
629,"12""",2892,1306,2902,1319,5402,2440,5420,2464,r2c4,,,,,0,
241,1,2696,1307,2705,1322,5036,2441,5052,2469,r2c4,,,,,0,
236,0,2670,1308,2680,1319,4987,2443,5006,2463,r2c4,,,,,0,
229,0,2562,1309,2572,1320,4785,2446,4804,2466,r2c4,,,,,0,
230,1,2582,1309,2591,1323,4822,2444,4839,2470,r2c4,,,,,0,
559,x,2747,1309,2756,1319,5131,2446,5148,2464,r2c5,,,,,0,
647,x,2888,1309,2897,1319,5393,2445,5410,2464,r1c4,,,,,0,
227,0,2458,1310,2467,1321,4590,2447,4608,2467,r2c4,,,,,0,
228,1,2478,1310,2489,1328,4629,2447,4649,2480,r2c4,,,,,0,
657,2,2828,1311,2838,1322,5282,2449,5300,2470,r1c5,,,,,0,
658,30,2891,1311,2905,1322,5399,2449,5426,2470,r1c5,,,,,0,
223,1,2363,1313,2371,1326,4413,2453,4429,2477,r2c4,,,,,0,
224,"16""",2896,1313,2906,1326,5409,2453,5428,2476,r2c5,,,,,0,
218,2,1975,1316,1989,1332,3689,2459,3715,2487,r2c3,,,,,0,
304,1,1785,1318,1792,1331,3334,2461,3347,2486,r2c3,,,,,0,
247,3/2,1807,1318,1849,1332,3375,2461,3453,2489,r2c3,,,,,0,
285,Sal.,2709,1318,2736,1365,5060,2461,5109,2549,r2c4,,,,,0,
209,2,2080,1319,2097,1337,3885,2464,3917,2497,r2c3,,,,,0,
208,x,1876,1320,1885,1329,3504,2466,3521,2481,r2c3,,,,,0,
195,Banky,2925,1324,2995,1351,5462,2473,5594,2523,r2c5,,,,,0,
189,x,994,1326,1005,1336,1856,2476,1878,2496,r2c1,,,,,0,
190,x,1013,1326,1025,1336,1892,2476,1914,2496,r2c1,,,,,0,
284,West,1791,1330,1843,1346,3344,2484,3442,2514,r2c3,,,,,0,
180,x,1848,1330,1870,1344,3451,2484,3492,2510,r2c3,,,,,0,
434,8,2803,1333,2812,1344,5236,2490,5251,2510,r2c5,,,,,0,
159,BUILT.,2540,1340,2620,1366,4743,2503,4894,2550,r2c4,,,,,0,
154,307,2110,1342,2127,1387,3941,2507,3973,2590,r2c3,,,,,0,
155,BEING,2419,1342,2497,1367,4518,2507,4664,2553,r2c4,,,,,0,
134,1,1973,1352,1981,1364,3686,2525,3700,2547,r2c3,,,,,0,
133,Sal,2051,1353,2091,1375,3831,2527,3905,2568,r2c3,,,,,0,
510,x,628,1359,642,1372,1172,2537,1199,2562,r2c1,,,,,0,
119,2½,999,1362,1027,1382,1866,2543,1918,2580,r2c1,,,,,0,
465,COMMERCIAL Co. W.Ho.,645,1374,983,1405,1204,2566,1836,2625,r2c1,,,,,0,
273,320.,2334,1375,2352,1418,4359,2568,4392,2648,r2c4,,,,,0,
97,"0""",2578,1375,2591,1385,4815,2569,4839,2586,r2c4,,,,,0,
199,"12""",2362,1376,2378,1385,4412,2570,4442,2588,r2c4,,,,,0,
93,"8""",2473,1376,2487,1387,4619,2570,4646,2590,r2c4,,,,,0,
386,TAMPA,530,1377,628,1405,990,2572,1173,2623,r2c0,,,,,0,
160,12,2671,1377,2685,1387,4989,2572,5014,2590,r2c4,,,,,0,
475,4,2804,1390,2812,1401,5237,2596,5253,2616,r2c4,,,,,0,
73,x,2088,1399,2098,1408,3900,2613,3918,2629,r2c3,,,,,0,
49,0,1977,1401,1987,1412,3693,2616,3712,2636,r2c3,,,,,0,
64,EL,1001,1402,1019,1418,1869,2619,1902,2648,r2c1,,,,,0,
63,TANK,1898,1404,1942,1419,3545,2622,3627,2651,r2c3,,,,,0,
306,AROUND.,2726,1405,2742,1515,5090,2625,5121,2829,r2c4,,,,,0,
499,"16""",2802,1416,2821,1428,5234,2645,5268,2667,r2c4,,,,,0,
259,CLAD,2713,1418,2724,1463,5067,2648,5088,2732,r2c4,,,,,0,
120,B,1032,1439,1052,1461,1928,2688,1965,2728,r2c1,,,,,0,
17,1,2041,1439,2050,1450,3812,2688,3828,2708,r2c3,,,,,0,
32,0,2054,1441,2066,1451,3836,2691,3859,2710,r2c3,,,,,0,
630,2,2893,1447,2903,1457,5403,2702,5422,2721,r2c4,,,,,0,
478,3,2804,1448,2813,1457,5237,2704,5254,2721,r2c4,,,,,0,
121,8,2653,1449,2663,1459,4956,2707,4973,2725,r2c4,,,,,0,
38,W,2597,1454,2609,1463,4849,2715,4872,2732,r2c4,,,,,0,
6,0,2547,1455,2557,1462,4758,2717,4775,2731,r2c4,,,,,0,
168,W,2375,1456,2387,1465,4435,2720,4458,2737,r2c4,,,,,0,
82,1,2423,1456,2430,1465,4525,2720,4538,2737,r2c4,,,,,0,
33,0,2461,1456,2471,1465,4597,2720,4616,2737,r2c4,,,,,0,
5,0,2500,1456,2510,1465,4669,2720,4689,2737,r2c4,,,,,0,
260,IRON,2713,1467,2724,1510,5067,2740,5088,2820,r2c4,,,,,0,
297,ALL,2725,1468,2739,1514,5089,2743,5116,2827,r2c4,,,,,0,
433,TANK.,655,1471,702,1486,1224,2748,1311,2776,r2c1,,,,,0,
482,D,2805,1494,2815,1505,5240,2790,5257,2811,r2c4,,,,,0,
76,x,1013,1498,1027,1511,1892,2798,1918,2823,r2c1,,,,,0,
10,TANK.,2490,1500,2529,1513,4650,2801,4723,2826,r2c4,,,,,0,
552,PIER No.2.,538,1507,700,1546,1005,2814,1308,2887,r2c0,,,,,0,
20,220,1449,1513,1469,1554,2706,2826,2743,2903,r2c2,,,,,0,
376,ASHLEY,1358,1517,1429,1734,2537,2833,2669,3239,r2c2,,,,,0,
483,N,2807,1535,2815,1547,5242,2867,5258,2889,r2c4,,,,,0,
124,A,1034,1549,1055,1574,1931,2893,1971,2939,r2c1,,,,,0,
250,319,2343,1554,2363,1593,4376,2903,4413,2975,r2c4,,,,,0,
40,7,2492,1558,2503,1571,4654,2910,4674,2933,r2c4,,,,,0,
77,x,1015,1561,1027,1573,1895,2915,1918,2938,r2c1,,,,,0,
114,Dm's,2405,1561,2451,1585,4492,2916,4578,2961,r2c4,,,,,0,
53,x,2494,1577,2504,1587,4659,2946,4676,2965,r2c4,,,,,0,
648,x,2901,1579,2912,1588,5419,2949,5439,2966,r2c4,,,,,0,
65,x,2552,1582,2561,1591,4766,2955,4783,2972,r2c4,,,,,0,
109,0,2408,1597,2418,1607,4498,2982,4515,3002,r2c4,,,,,0,
142,x,2388,1600,2398,1610,4461,2988,4478,3006,r2c4,,,,,0,
466,S.F.R.R.,1150,1601,1197,1687,2148,2989,2237,3150,r2c1,,,,,0,
489,W,2807,1609,2816,1622,5242,3005,5260,3029,r2c4,,,,,0,
237,4,2677,1613,2717,1658,5000,3012,5075,3097,r2c4,,,,,0,
448,2,2793,1624,2803,1636,5217,3034,5235,3055,r2c4,,,,,0,
249,5,1806,1637,1842,1680,3373,3058,3441,3138,r2c3,,,,,0,
444,0,2792,1644,2802,1655,5214,3070,5232,3091,r2c4,,,,,0,
682,S3,1176,1664,1197,1686,2196,3108,2235,3148,r3c1,,,,,0,
684,C,1807,1664,1826,1678,3374,3108,3410,3134,r3c2,,,,,0,
689,Vac.,2955,1664,2992,1679,5520,3108,5588,3136,r3c5,,,,,0,
690,411,3021,1664,3038,1692,5643,3108,5673,3159,r3c5,,,,,0,
691,FRANK,3121,1664,3168,1898,5829,3108,5917,3545,r3c5,,,,,0,
616,TAMPA,2203,1689,2248,1897,4115,3154,4199,3544,r3c3,,,,,0,
607,x,867,1691,879,1702,1620,3158,1641,3180,r3c1,,,,,0,
594,306',2113,1699,2132,1748,3947,3172,3981,3266,r3c3,,,,,0,
342,WIND MILL &,1800,1702,1894,1717,3362,3179,3537,3207,r2c3,,,,,0,
589,2,2906,1702,2916,1712,5428,3178,5446,3197,r3c5,,,,,0,
374,ELEV'D WATER,1798,1719,1913,1733,3359,3210,3573,3236,r2c3,,,,,0,
495,0,2807,1719,2818,1731,5242,3210,5264,3233,r2c4,,,,,0,
428,3/8,2345,1720,2363,1757,4379,3212,4413,3282,r2c4,,,,,0,
546,TANKS.,1798,1735,1854,1750,3357,3240,3464,3268,r3c3,,,,,0,
532,U,2808,1747,2820,1760,5245,3263,5267,3287,r3c4,,,,,0,
453,2,2795,1754,2805,1766,5220,3276,5238,3298,r2c4,,,,,0,
461,O,2795,1775,2807,1787,5221,3316,5242,3337,r3c4,,,,,0,
518,0,2795,1779,2805,1789,5220,3322,5238,3342,r2c4,,,,,0,
383,x,886,1806,896,1817,1654,3373,1673,3393,r3c1,,,,,0,
377,219,1486,1807,1507,1844,2776,3375,2815,3443,r3c2,,,,,0,
332,2,2988,1828,3006,1847,5580,3415,5614,3449,r3c5,,,,,0,
502,T,2812,1829,2822,1841,5253,3416,5271,3438,r3c4,,,,,0,
301,108,3021,1839,3039,1880,5643,3435,5676,3511,r3c5,,,,,0,
307,W,174,1851,194,1867,326,3456,361,3486,r3c0,,,,,0,
219,1,2369,1870,2388,1888,4425,3492,4459,3527,r3c4,,,,,0,
681,x,2369,1870,2382,1877,4425,3493,4449,3506,r2c4,,,,,0,
204,E,455,1877,468,1891,849,3505,874,3531,r3c0,,,,,0,
196,BEING,2902,1879,2927,1952,5419,3509,5467,3646,r3c5,,,,,0,
175,TAMPA TRIBUNE,2371,1888,2498,1906,4428,3527,4666,3560,r3c4,,,,,0,
238,317,2347,1893,2365,1933,4383,3535,4416,3610,r3c4,,,,,0,
158,2,2988,1896,3008,1914,5581,3541,5617,3574,r3c5,,,,,0,
171,PRINT & PUB. HO.,2374,1901,2534,1921,4433,3550,4733,3588,r3c4,,,,,0,
505,F,2812,1901,2823,1916,5253,3550,5273,3578,r3c4,,,,,0,
367,2,1220,1922,1235,1939,2278,3590,2307,3621,r3c2,,,,,0,
169,HAND POWER.,2375,1929,2481,1944,4435,3603,4634,3631,r3c4,,,,,0,
172,X,2373,1948,2382,1960,4432,3639,4449,3660,r3c4,,,,,0,
291,Q.H.,3247,1954,3275,1973,6065,3650,6116,3684,r3c5,,,,,0,
320,213,1243,1956,1261,1993,2321,3653,2356,3722,r3c2,,,,,0,
519,W.Ho.,1154,1957,1217,1980,2156,3654,2272,3699,r3c1,,,,,0,
44,18,2586,1962,2608,1979,4829,3664,4871,3696,r3c4,,,,,0,
286,19,2712,1962,2736,1977,5065,3664,5109,3693,r3c4,,,,,0,
288,16',1790,1970,1815,1986,3343,3679,3390,3709,r3c3,,,,,0,
41,17.,2006,1970,2035,1990,3746,3679,3801,3716,r3c3,,,,,0,
248,15,1619,1971,1646,1988,3023,3682,3074,3713,r3c2,,,,,0,
112,80',2943,2013,2974,2065,5497,3760,5554,3857,r3c5,,,,,0,
205,212,1287,2023,1306,2057,2403,3779,2439,3842,r3c2,,,,,0,
534,SWEET,3338,2023,3371,2144,6234,3779,6296,4004,r3c5,,,,,0,
321,JACKSON,1780,2026,2026,2073,3324,3785,3783,3871,r3c3,,,,,0,
129,80',1566,2030,1597,2076,2924,3791,2983,3877,r3c2,,,,,0,
401,River.,435,2036,475,2301,813,3802,886,4298,r3c0,,,,,0,
3,x,931,2066,943,2078,1739,3859,1760,3881,r3c1,,,,,0,
221,WOODEN BRIDGE.,3031,2083,3248,2113,5660,3890,6066,3947,r3c5,,,,,0,
165,2,1302,2086,1319,2105,2432,3895,2463,3931,r3c2,,,,,0,
181,Creek.,2596,2090,2695,2119,4848,3904,5033,3957,r3c4,,,,,0,
576,WOODEN BRIDGE.,2127,2099,2331,2122,3973,3920,4353,3963,r3c3,,,,,0,
68,Ry,3127,2117,3150,2148,5841,3954,5883,4011,r3c5,,,,,0,
118,211,1328,2132,1347,2163,2481,3983,2515,4040,r3c2,,,,,0,
520,Gen't Storage.,1162,2140,1324,2169,2169,3997,2472,4052,r3c2,,,,,0,
232,STREET,3130,2165,3148,2232,5847,4043,5880,4169,r3c5,,,,,0,
174,25,2910,2189,2939,2208,5435,4089,5489,4123,r3c5,,,,,0,
394,20,1681,2192,1708,2209,3140,4095,3191,4126,r3c2,,,,,0,
187,23,2636,2195,2661,2213,4923,4100,4970,4133,r3c4,,,,,0,
362,21,2733,2195,2766,2211,5105,4099,5166,4129,r3c4,,,,,0,
186,22,2487,2198,2512,2213,4644,4105,4692,4133,r3c4,,,,,0,
200,21,1942,2200,1967,2218,3627,4109,3674,4143,r3c3,,,,,0,
231,3,1371,2212,1388,2232,2561,4132,2593,4168,r3c2,,,,,0,
698,TAMPA STERM S,3133,2219,3150,2389,5851,4144,5883,4463,r4c5,,,,,0,
242,X,2676,2221,2687,2234,4999,4148,5019,4172,r3c4,,,,,0,
387,Paint,2626,2223,2646,2292,4904,4152,4941,4281,r3c4,,,,,0,
336,9104,1397,2224,1416,2271,2610,4153,2644,4241,r3c2,,,,,0,
280,12,2087,2229,2110,2249,3898,4164,3941,4201,r3c3,,,,,0,
507,Gen't W.Ho,1303,2231,1336,2340,2433,4166,2495,4370,r3c2,,,,,0,
389,Storge,2587,2236,2612,2294,4832,4176,4878,4284,r3c4,,,,,0,
287,1,2715,2238,2727,2252,5070,4181,5093,4205,r3c4,,,,,0,
378,X,2762,2240,2773,2252,5158,4184,5179,4205,r3c4,,,,,0,
384,Oils,2649,2248,2666,2290,4947,4198,4979,4277,r3c4,,,,,0,
454,"2""W.R",1473,2265,1490,2321,2752,4229,2783,4334,r3c2,,,,,0,
462,406,3021,2275,3042,2323,5643,4248,5682,4339,r3c5,,,,,0,
402,1,2715,2290,2725,2301,5070,4277,5089,4298,r3c4,,,,,0,
403,X,2761,2290,2775,2301,5156,4277,5182,4298,r3c4,,,,,0,
654,"PENCER, HENDERSON MY CO. LIVERY.",1614,2291,2070,2323,3015,4278,3867,4339,r3c3,,,,,0,
686,SPENCER HENDERS,1595,2292,1842,2324,2980,4281,3440,4340,r3c2,,,,,0,
521,9105,1397,2307,1418,2351,2610,4309,2648,4391,r4c2,,,,,0,
522,x,2623,2307,2688,2323,4900,4309,5020,4338,r4c4,,,,,0,
455,1,2623,2309,2630,2321,4900,4313,4913,4334,r3c4,,,,,0,
445,X,2680,2309,2689,2318,5006,4313,5023,4330,r3c4,,,,,0,
441,1/2,1595,2334,1616,2353,2978,4360,3019,4395,r4c2,,,,,0,
404,210,1570,2350,1589,2376,2932,4388,2968,4438,r4c2,,,,,0,
359,TANK.,2842,2370,2886,2382,5307,4426,5391,4448,r4c5,,,,,0,
583,1,2772,2380,2779,2392,5176,4445,5191,4468,r3c4,,,,,0,
309,x,1595,2392,1605,2403,2980,4467,2997,4489,r4c2,,,,,0,
408,x,2772,2392,2786,2405,5176,4467,5204,4491,r4c4,,,,,0,
623,TIDE WATER.,556,2396,615,2692,1039,4474,1148,5028,r4c1,,,,,0,
639,1,2884,2410,2893,2424,5386,4502,5403,4528,r3c4,,,,,0,
243,I,1297,2417,1314,2457,2422,4514,2453,4589,r4c2,,,,,0,
687,1,1297,2417,1314,2432,2422,4513,2453,4542,r3c2,,,,,0,
151,TANK.,2040,2453,2089,2469,3811,4582,3901,4611,r4c3,,,,,0,
170,1/2,1596,2458,1615,2477,2981,4590,3016,4626,r4c2,,,,,0,
161,2,2379,2465,2391,2480,4444,4603,4466,4632,r4c4,,,,,0,
125,x,2547,2469,2567,2484,4756,4611,4794,4639,r4c4,,,,,0,
233,x,2885,2472,2895,2482,5388,4618,5406,4635,r4c5,,,,,0,
298,210,1251,2474,1271,2511,2337,4621,2375,4689,r4c2,,,,,0,
634,36',2351,2474,2369,2511,4392,4621,4425,4689,r4c3,,,,,0,
192,x,2901,2475,2911,2485,5418,4622,5436,4641,r4c5,,,,,0,
150,Dmg,2384,2477,2422,2502,4452,4626,4524,4672,r4c4,,,,,0,
100,x,2456,2484,2468,2497,4587,4639,4610,4664,r4c4,,,,,0,
91,2,2975,2488,2990,2505,5555,4646,5584,4678,r4c5,,,,,0,
87,2,3001,2489,3014,2503,5606,4648,5629,4675,r4c5,,,,,0,
81,1,2023,2495,2034,2512,3779,4661,3799,4692,r4c3,,,,,0,
78,1/,2003,2497,2014,2515,3740,4664,3762,4697,r4c3,,,,,0,
149,305,2126,2497,2143,2543,3971,4664,4003,4750,r4c3,,,,,0,
58,1/2,1413,2507,1436,2526,2640,4682,2683,4718,r4c2,,,,,0,
54,406,3028,2509,3046,2554,5656,4687,5689,4770,r4c5,,,,,0,
695,W.Ho.,1611,2514,1650,2537,3009,4695,3082,4738,r4c3,,,,,0,
143,207,1580,2517,1602,2555,2951,4701,2993,4773,r4c2,,,,,0,
490,DOCK.,1117,2518,1205,2555,2086,4702,2251,4771,r4c1,,,,,0,
43,Dng,1977,2522,2017,2545,3693,4710,3766,4754,r4c3,,,,,0,
106,x,1872,2526,1881,2535,3497,4718,3514,4735,r4c3,,,,,0,
37,209,1450,2530,1469,2571,2709,4725,2743,4801,r4c2,,,,,0,
198,7,2666,2535,2701,2578,4980,4734,5045,4816,r4c4,,,,,0,
26,W.Ho,1395,2540,1448,2568,2605,4744,2704,4797,r4c2,,,,,0,
122,6,1864,2548,1896,2589,3481,4758,3541,4836,r4c3,,,,,0,
391,SHEDS,2727,2553,2780,2569,5093,4768,5192,4798,r4c4,,,,,0,
9,x,2026,2562,2035,2571,3783,4784,3801,4801,r4c3,,,,,0,
28,x,3004,2562,3012,2572,5610,4784,5626,4803,r4c5,,,,,0,
8,x,2002,2563,2011,2572,3739,4787,3756,4803,r4c3,,,,,0,
456,x,2792,2563,2805,2575,5214,4787,5238,4810,r4c4,,,,,0,
622,"lsborough,",438,2572,494,2968,818,4803,922,5543,r4c0,,,,,0,
1,x,1440,2581,1449,2591,2689,4821,2706,4840,r4c2,,,,,0,
457,10.8E.,2753,2583,2805,2601,5142,4824,5240,4859,r4c4,,,,,0,
107,1½,2095,2586,2118,2604,3912,4830,3956,4863,r4c3,,,,,0,
266,x,2716,2589,2728,2602,5073,4836,5095,4860,r4c4,,,,,0,
201,x,1618,2591,1628,2601,3021,4840,3040,4859,r4c2,,,,,0,
156,304,2129,2594,2146,2640,3976,4844,4007,4930,r4c3,,,,,0,
98,W.Ho,2066,2602,2113,2625,3859,4860,3945,4903,r4c3,,,,,0,
105,x,2108,2632,2117,2641,3937,4916,3954,4932,r4c3,,,,,0,
246,1½,1808,2644,1825,2658,3377,4939,3408,4965,r4c3,,,,,0,
421,1½,1735,2645,1758,2661,3241,4940,3283,4969,r4c3,,,,,0,
225,TANK.,2889,2655,2935,2669,5396,4959,5482,4985,r4c5,,,,,0,
34,TANK.,1964,2660,2010,2674,3669,4968,3753,4994,r4c3,,,,,0,
197,216,1609,2661,1627,2694,3004,4969,3039,5031,r4c2,,,,,0,
220,36,2354,2669,2372,2707,4396,4985,4431,5055,r4c4,,,,,0,
222,x,1816,2683,1823,2691,3392,5011,3405,5027,r4c3,,,,,0,
395,x,1745,2684,1754,2694,3260,5014,3276,5031,r4c3,,,,,0,
255,x,1638,2686,1649,2695,3059,5016,3080,5034,r4c2,,,,,0,
346,x,2843,2694,2854,2704,5310,5031,5330,5051,r4c5,,,,,0,
435,210'E,1729,2697,1769,2711,3230,5037,3304,5064,r4c3,,,,,0,
148,208,1476,2712,1499,2750,2757,5065,2801,5137,r4c2,,,,,0,
244,2,3006,2772,3024,2789,5614,5177,5647,5209,r4c5,,,,,0,
239,1,3045,2773,3055,2788,5687,5180,5706,5207,r4c5,,,,,0,
385,Mach's,2653,2780,2676,2846,4954,5191,4997,5315,r4c4,,,,,0,
335,Geri t 5.,2940,2794,3025,2824,5491,5219,5650,5275,r4c5,,,,,0,
405,Storg,2635,2795,2656,2856,4921,5220,4961,5335,r4c4,,,,,0,
357,404,3040,2795,3054,2835,5677,5220,5703,5295,r4c5,,,,,0,
343,Genit S.,2009,2802,2094,2827,3752,5233,3911,5280,r4c3,,,,,0,
556,2 Vac.,2751,2815,2789,2861,5138,5257,5208,5344,r4c5,,,,,0,
411,Vac.,2702,2818,2722,2858,5047,5263,5083,5338,r4c4,,,,,0,
422,Vac,1667,2845,1698,2864,3113,5313,3171,5349,r4c2,,,,,0,
406,x,3011,2846,3023,2856,5624,5315,5646,5335,r4c5,,,,,0,
699,1,2685,2847,2694,2863,5015,5318,5032,5348,r4c5,,,,,0,
442,x,2800,2850,2808,2859,5230,5323,5244,5339,r4c5,,,,,0,
432,12,2630,2853,2650,2868,4913,5328,4948,5356,r4c4,,,,,0,
581,x,2726,2853,2736,2862,5092,5328,5109,5345,r4c5,,,,,0,
425,x,2669,2855,2680,2866,4984,5332,5006,5352,r4c4,,,,,0,
446,2½,2003,2856,2030,2873,3742,5335,3791,5366,r4c3,,,,,0,
531,x,1695,2861,1705,2870,3167,5344,3184,5361,r4c3,,,,,0,
439,x,2108,2863,2118,2871,3937,5346,3956,5362,r4c3,,,,,0,
476,108,2764,2868,2798,2883,5162,5356,5227,5385,r4c4,,,,,0,
484,10'7,2695,2869,2730,2886,5033,5358,5099,5389,r4c4,,,,,0,
491,x,2633,2872,2671,2887,4918,5364,4989,5392,r4c4,,,,,0,
486,D.H.,2175,2874,2211,2890,4063,5368,4129,5397,r5c3,,,,,0,
487,105,2523,2874,2560,2891,4712,5368,4781,5399,r5c4,,,,,0,
479,104,2414,2876,2450,2893,4508,5371,4575,5403,r5c4,,,,,0,
485,x,3044,2876,3055,2886,5686,5372,5706,5391,r4c5,,,,,0,
471,102,1829,2879,1867,2894,3416,5377,3486,5406,r5c3,,,,,0,
472,103,2046,2879,2084,2895,3821,5377,3892,5407,r5c3,,,,,0,
511,101,1673,2883,1705,2896,3125,5385,3184,5409,r4c2,,,,,0,
426,TAMPA WHARF CO.,1201,2894,1446,2964,2243,5406,2702,5536,r5c2,,,,,0,
338,D.W.P,2489,2934,2547,2950,4649,5480,4756,5509,r5c4,,,,,0,
325,"6""W.P.",1924,2940,1991,2958,3594,5492,3719,5525,r5c3,,,,,0,
276,207,1523,2957,1542,3002,2845,5523,2881,5607,r5c2,,,,,0,
264,80',2938,2963,2963,3019,5487,5535,5534,5638,r5c5,,,,,0,
245,T.W. H.D.,1458,2971,1511,2997,2723,5549,2822,5598,r5c2,,,,,0,
429,SO,1731,2982,1755,3022,3233,5569,3277,5644,r5c3,,,,,0,
344,WASHINGTON,1771,2987,2141,3035,3307,5578,3999,5668,r5c3,,,,,0,
337,DOCK.,1235,3003,1324,3040,2306,5608,2472,5678,r5c2,,,,,0,
152,x,1506,3007,1517,3019,2813,5617,2834,5638,r5c2,,,,,0,
94,206,1465,3040,1483,3079,2736,5678,2770,5750,r5c2,,,,,0,
46,D.H.,3068,3069,3102,3085,5730,5731,5794,5761,r5c5,,,,,0,
458,"12""",2796,3082,2816,3092,5221,5756,5259,5776,r5c5,,,,,0,
369,116,2831,3095,2860,3110,5287,5780,5342,5809,r5c5,,,,,0,
191,117,2902,3095,2935,3109,5421,5780,5481,5807,r5c5,,,,,0,
59,118,2973,3095,3003,3109,5553,5780,5609,5807,r5c5,,,,,0,
21,1,1509,3096,1517,3109,2819,5782,2834,5807,r5c2,,,,,0,
22,"12""",3029,3096,3050,3107,5657,5783,5696,5803,r5c5,,,,,0,
45,205,1527,3102,1546,3143,2852,5793,2888,5870,r5c2,,,,,0,
397,115,2751,3102,2782,3117,5138,5793,5195,5822,r5c4,,,,,0,
55,112,2438,3103,2470,3121,4554,5796,4613,5829,r5c4,,,,,0,
166,114,2656,3103,2688,3119,4961,5796,5020,5825,r5c4,,,,,0,
14,113,2540,3104,2570,3119,4743,5797,4799,5826,r5c4,,,,,0,
24,OFF,1489,3112,1520,3131,2782,5813,2839,5847,r5c2,,,,,0,
12,111,2011,3112,2037,3127,3756,5813,3805,5840,r5c3,,,,,0,
128,110,1858,3114,1890,3128,3471,5816,3530,5842,r5c3,,,,,0,
396,109,1745,3115,1782,3130,3260,5817,3329,5846,r5c3,,,,,0,
117,01,2940,3122,2955,3134,5491,5832,5518,5853,r5c5,,,,,0,
83,2,2960,3122,2974,3138,5528,5832,5554,5860,r5c5,,,,,0,
418,2,2810,3123,2826,3140,5249,5833,5277,5865,r5c5,,,,,0,
251,2,2879,3123,2899,3140,5378,5833,5415,5865,r5c5,,,,,0,
194,Jewelry,2901,3132,2926,3205,5418,5850,5465,5985,r5c5,,,,,0,
60,Bank,2973,3132,3001,3197,5553,5850,5604,5971,r5c5,,,,,0,
366,Ch,2832,3135,2850,3162,5290,5856,5323,5906,r5c5,,,,,0,
440,9,1727,3138,1743,3154,3225,5860,3256,5891,r5c3,,,,,0,
568,x,1779,3140,1788,3149,3323,5865,3340,5882,r5c2,,,,,0,
0,x,1453,3143,1462,3153,2713,5870,2730,5889,r5c2,,,,,0,
27,x,1510,3143,1521,3153,2821,5870,2841,5889,r5c2,,,,,0,
101,1,1876,3148,1885,3162,3504,5879,3521,5906,r5c3,,,,,0,
416,Vac,1737,3152,1772,3174,3244,5888,3310,5928,r5c3,,,,,0,
460,x,2795,3155,2808,3166,5220,5893,5244,5913,r5c5,,,,,0,
23,"12""",3008,3174,3031,3187,5617,5928,5660,5952,r5c5,,,,,0,
193,3/1,2364,3176,2382,3212,4415,5932,4449,6000,r5c4,,,,,0,
19,204,1448,3180,1468,3215,2704,5939,2742,6005,r5c2,,,,,0,
18,"16""",3014,3187,3034,3199,5630,5952,5666,5975,r5c5,,,,,0,
352,DOCKS.,1228,3188,1249,3294,2293,5954,2333,6152,r5c2,,,,,0,
256,KITCHEN,1804,3199,1872,3215,3369,5975,3497,6004,r5c3,,,,,0,
50,1/2,1903,3220,1927,3241,3554,6014,3598,6054,r5c3,,,,,0,
103,x,1509,3268,1519,3278,2819,6104,2836,6123,r5c2,,,,,0,
130,TANK.,2930,3272,2981,3288,5472,6111,5567,6140,r5c5,,,,,0,
423,265,1701,3291,1719,3330,3176,6147,3211,6219,r5c2,,,,,0,
641,0,1903,3336,1917,3351,3554,6230,3580,6259,r6c3,,,,,0,
637,X,2000,3337,2014,3353,3736,6233,3762,6262,r6c3,,,,,0,
662,RCIAL COMP.,1222,3349,1251,3540,2283,6255,2337,6612,r5c2,,,,,0,
605,TAMPA COMMERCIAL COMP,1222,3356,1251,3759,2283,6267,2336,7020,r6c2,,,,,0,
368,3/3,2365,3357,2384,3395,4418,6269,4452,6341,r5c4,,,,,0,
590,X,1884,3366,1896,3376,3518,6287,3541,6306,r6c3,,,,,0,
584,X,2022,3367,2035,3379,3776,6289,3801,6310,r6c3,,,,,0,
463,1/2,1482,3414,1506,3432,2768,6375,2812,6410,r5c2,,,,,0,
524,8,2697,3415,2731,3459,5037,6378,5100,6459,r6c4,,,,,0,
467,1,1257,3417,1268,3433,2347,6381,2369,6413,r5c2,,,,,0,
513,1½,2079,3419,2103,3436,3884,6385,3928,6416,r6c3,,,,,0,
514,1,2111,3419,2125,3434,3943,6386,3968,6414,r6c3,,,,,0,
563,SEE,3365,3419,3396,3493,6284,6386,6343,6524,r6c5,,,,,0,
500,9,1924,3423,1959,3468,3594,6393,3659,6477,r6c3,,,,,0,
493,309,2139,3428,2155,3473,3996,6402,4024,6487,r6c3,,,,,0,
477,W.Ho.,1306,3432,1362,3452,2439,6411,2544,6448,r6c2,,,,,0,
503,1/2,2109,3434,2124,3447,3938,6414,3967,6438,r5c3,,,,,0,
469,Dm.9,2060,3435,2106,3452,3848,6415,3934,6448,r6c3,,,,,0,
430,X,1983,3448,1994,3458,3704,6439,3725,6458,r6c3,,,,,0,
398,X,2092,3462,2100,3472,3907,6467,3923,6484,r6c3,,,,,0,
392,X,2112,3463,2121,3473,3944,6468,3961,6487,r6c3,,,,,0,
380,Vac.,2978,3471,3018,3490,5563,6482,5636,6518,r6c5,,,,,0,
360,11/3,1512,3479,1531,3518,2823,6497,2859,6571,r6c2,,,,,0,
353,B.,3043,3482,3061,3505,5683,6504,5716,6546,r6c5,,,,,0,
349,THANK.,2021,3483,2060,3497,3775,6505,3848,6531,r6c3,,,,,0,
340,TANK,1336,3489,1371,3503,2495,6517,2561,6543,r6c2,,,,,0,
311,UW.RP.,1340,3500,1384,3514,2504,6537,2585,6563,r6c2,,,,,0,
267,x,3006,3516,3017,3527,5614,6567,5634,6587,r6c5,,,,,0,
268,x,3023,3516,3033,3525,5646,6567,5664,6584,r6c5,,,,,0,
257,312,2367,3521,2385,3562,4421,6576,4454,6653,r6c4,,,,,0,
252,TANK,1878,3522,1913,3534,3508,6577,3573,6600,r6c3,,,,,0,
253,THANK.,2008,3522,2046,3535,3750,6577,3822,6601,r6c3,,,,,0,
407,PIER Nº.,1205,3527,1228,3647,2250,6587,2293,6811,r6c2,,,,,0,
281,HOTEL,1794,3531,1835,3550,3350,6594,3428,6630,r6c3,,,,,0,
217,X,2120,3537,2129,3547,3960,6606,3977,6624,r6c3,,,,,0,
282,RIMS.,1793,3545,1832,3565,3349,6620,3422,6657,r6c3,,,,,0,
177,x,1493,3551,1501,3559,2789,6632,2803,6647,r6c2,,,,,0,
270,X,1798,3571,1810,3581,3357,6669,3380,6689,r6c3,,,,,0,
574,x,1784,3573,1792,3581,3333,6673,3347,6688,r6c2,,,,,0,
69,CAST.,2969,3625,3014,3643,5545,6771,5630,6804,r6c5,,,,,0,
188,301,2141,3628,2161,3674,3999,6775,4036,6861,r6c3,,,,,0,
110,9/2,1334,3640,1351,3681,2491,6798,2524,6874,r6c2,,,,,0,
11,2½,1971,3669,1993,3686,3682,6852,3723,6884,r6c3,,,,,0,
25,X,2047,3674,2057,3684,3824,6863,3842,6880,r6c3,,,,,0,
75,80',3120,3691,3173,3731,5827,6894,5927,6969,r6c5,,,,,0,
15,2.,3016,3694,3036,3714,5633,6900,5670,6936,r6c5,,,,,0,
178,311,2371,3696,2389,3732,4428,6903,4462,6970,r6c4,,,,,0,
277,0,1258,3713,1268,3724,2349,6934,2369,6956,r6c2,,,,,0,
162,HOTEL COLLINS.,1841,3714,2081,3742,3439,6936,3887,6989,r6c3,,,,,0,
234,x,2885,3717,2895,3727,5389,6943,5408,6962,r6c5,,,,,0,
42,Dmg.,2990,3717,3042,3743,5584,6941,5682,6990,r6c5,,,,,0,
7,A.,3046,3728,3066,3750,5689,6963,5726,7005,r6c5,,,,,0,
504,80',2233,3735,2285,3765,4171,6976,4268,7032,r6c3,,,,,0,
29,X,1930,3740,1944,3753,3606,6986,3630,7009,r6c3,,,,,0,
16,x,3026,3754,3036,3765,5652,7012,5670,7032,r6c5,,,,,0,
184,2½,1831,3763,1857,3780,3419,7027,3468,7059,r6c3,,,,,0,
35,X,1964,3770,1979,3783,3669,7040,3696,7065,r6c3,,,,,0,
292,20.,2863,3780,2896,3799,5347,7060,5409,7095,r6c5,,,,,0,
322,19,2720,3782,2747,3801,5080,7063,5131,7099,r6c4,,,,,0,
47,18,2588,3784,2612,3802,4834,7068,4878,7101,r6c4,,,,,0,
51,17,2472,3786,2500,3804,4617,7072,4669,7105,r6c4,,,,,0,
379,U.H.,1754,3790,1790,3807,3276,7079,3343,7111,r6c3,,,,,0,
61,16,2024,3792,2049,3808,3781,7082,3826,7112,r6c3,,,,,0,
164,16,1840,3793,1865,3810,3436,7083,3484,7116,r6c3,,,,,0,
409,Map Division,3222,3799,3323,3818,6017,7095,6207,7131,r6c5,,,,,0,
542,Scale of Feet.,614,3827,810,3853,1146,7148,1512,7197,r6c1,,,,,0,
494,Library of Congress,3195,3846,3353,3866,5967,7184,6263,7221,r6c5,,,,,0,
240,WHITING,1884,3852,2121,3897,3519,7194,3961,7278,r6c3,,,,,0,
179,100,853,3859,880,3874,1594,7208,1644,7235,r6c1,,,,,0,
176,150,1008,3859,1035,3873,1882,7207,1934,7234,r6c1,,,,,0,
339,50,698,3860,720,3874,1304,7210,1344,7235,r6c1,,,,,0,
210,0,547,3862,558,3874,1021,7213,1043,7235,r6c0,,,,,0,
183,50,388,3863,409,3876,724,7214,763,7238,r6c0,,,,,0,
213,10,516,3874,529,3886,964,7235,988,7257,r6c0,,,,,0,
211,30,451,3875,468,3886,842,7237,874,7257,r6c0,,,,,0,
212,20,482,3875,498,3886,901,7237,929,7257,r6c0,,,,,0,
216,40,420,3876,436,3887,785,7240,815,7260,r6c0,,,,,0,
348,80',2986,3886,3020,3939,5577,7258,5640,7357,r6c5,,,,,0,
363,80',1864,3893,1892,3946,3481,7271,3534,7370,r6c3,,,,,0,
517,H.R.G.,3327,3949,3364,3988,6214,7376,6283,7448,r6c5,,,,,0,
550,5.10.89.,3332,3953,3384,4002,6224,7383,6320,7474,r6c5,,,,,0,
527,2024,1649,3964,1666,4010,3080,7403,3112,7489,r6c2,,,,,0,
512,Vac.,1675,3984,1713,4005,3129,7441,3199,7481,r6c2,,,,,0,
497,e,2796,3986,2812,3998,5222,7445,5253,7468,r6c4,,,,,0,
501,r,2745,3988,2763,4001,5126,7449,5161,7472,r6c4,,,,,0,
533,A,1972,3989,2009,4013,3683,7451,3752,7495,r6c3,,,,,0,
508,s,2616,3989,2633,4004,4885,7451,4917,7478,r6c4,,,,,0,
523,x,2391,3991,2419,4008,4466,7453,4518,7485,r6c4,,,,,0,
509,n,2679,3991,2701,4004,5004,7453,5045,7478,r6c4,,,,,0,
515,o,2555,3992,2574,4005,4772,7455,4808,7481,r6c4,,,,,0,
528,0,2048,3993,2065,4010,3825,7458,3857,7489,r6c3,,,,,0,
535,p,2481,3993,2507,4014,4633,7458,4682,7497,r6c4,,,,,0,
525,e,2332,3995,2350,4009,4356,7461,4389,7488,r6c4,,,,,0,
540,x,1676,4007,1686,4016,3130,7484,3149,7501,r6c2,,,,,0,
,SHEET,2170,57,2291,89,4052,106,4279,166,r0c4,561,,,,0,
,SEE,1684,63,1753,92,3145,118,3274,172,r0c3,558,,,,0,
668,T,2884,146,2916,195,5386,273,5446,364,r0c4,370,1,,,0,
,PLATFORM.,1103,230,1127,401,2060,430,2105,749,r0c2,289,,,,0,
625,M,1784,246,1825,287,3331,459,3409,536,r0c2,312,1,,,0,
,20.,2857,372,2891,392,5336,696,5399,732,r0c4,310,,,,0,
388,16,1749,389,1774,406,3267,726,3313,757,r0c3,551,1,,,0,
593,TO BE BUILT.,572,409,595,569,1069,765,1112,1063,r0c1,663,1,,,0,
,80',2200,429,2253,456,4109,800,4208,852,r0c4,415,,,,0,
638,Ho.,1619,465,1669,495,3023,869,3118,924,r0c3,302,1,,,0,
,"6"" W.P.",1261,515,1286,598,2356,961,2401,1116,r0c1,313,,,,0,
488,2,1730,518,1742,531,3231,967,3254,991,r0c2,437,,,,0,1
,1,1666,534,1675,546,3112,997,3128,1020,r0c3,318,,,,0,
,x,1683,538,1692,549,3144,1004,3161,1026,r0c3,361,,,,0,
,Freight M.Ho.,1142,548,1173,731,2133,1024,2191,1366,r0c1,585,,,,0,
670,Freight W.Ho,1144,555,1173,729,2136,1037,2191,1361,r1c1,585,,,,0,1
673,Ho,1145,555,1170,603,2139,1037,2185,1125,r1c2,585,1,,,0,
671,"6""",1266,555,1287,599,2364,1037,2404,1118,r1c1,313,1,,,0,
,2,2885,569,2904,587,5389,1063,5423,1096,r0c4,278,,,,0,
,2,2886,569,2900,584,5391,1062,5416,1091,r1c5,278,,,,0,
,2,2887,570,2901,584,5392,1065,5417,1091,r1c4,278,,,,0,
,2,2913,570,2925,583,5441,1064,5462,1088,r1c5,271,,,,0,
,1,2752,572,2763,587,5140,1069,5160,1096,r0c5,354,,,,0,
,1,2752,572,2763,586,5141,1068,5161,1094,r1c4,354,,,,0,
,1,2752,572,2762,586,5140,1068,5158,1094,r1c5,354,,,,0,
,SCOTLAND,2798,578,2915,604,5225,1079,5445,1127,r0c4,451,,,,0,
,SCOTLAND,2798,580,2915,603,5226,1082,5445,1125,r1c5,451,,,,0,
,SCOTLAND,2798,580,2914,603,5227,1082,5442,1125,r1c4,451,,,,0,
596,TANK,1985,587,2030,601,3707,1097,3792,1123,r1c3,326,1,,,0,
,S.F.R.R.Dock.,564,596,597,852,1053,1114,1115,1592,r1c1,587,,,,0,
664,R.R.DOCK.,562,597,595,768,1050,1115,1111,1434,r0c1,587,1,,,0,
,HO.,2832,604,2867,623,5289,1128,5355,1164,r1c5,371,,,,0,
,HO.,2831,605,2868,625,5287,1130,5357,1168,r0c4,371,,,,0,
,HO.,2832,605,2868,624,5288,1130,5357,1166,r1c4,371,,,,0,
,x,1649,609,1658,617,3080,1137,3096,1153,r1c2,364,,,,0,
,x,1649,610,1659,617,3081,1138,3099,1153,r1c3,364,,,,0,
,x,1651,611,1659,619,3083,1140,3099,1156,r0c3,364,,,,0,
,x,1190,620,1201,631,2222,1158,2243,1179,r1c2,438,,,,0,
,X,2752,624,2763,636,5140,1166,5160,1187,r1c5,547,,,,0,
,x,2752,625,2763,636,5140,1168,5160,1188,r0c5,547,,,,0,
544,Freight,1145,632,1173,730,2138,1180,2191,1364,r1c2,585,1,,,0,
,KITCHEN.,1588,634,1654,649,2965,1184,3089,1213,r1c2,436,,,,0,
675,CHEN,1611,635,1650,648,3009,1186,3082,1210,r1c3,436,1,,,0,
665,TCHEN,1611,636,1652,648,3009,1188,3086,1211,r0c3,436,1,,,0,
,1,2330,643,2337,655,4352,1202,4365,1223,r1c4,450,,,,0,
666,25,2358,644,2379,659,4404,1202,4443,1231,r0c3,473,,,,0,1
,1,2331,645,2338,657,4354,1205,4367,1226,r0c3,450,,,,0,
,2½,2358,646,2381,663,4403,1206,4448,1237,r1c4,473,,,,0,
,X,2890,646,2899,655,5398,1206,5415,1223,r1c5,452,,,,0,
,x,2892,646,2904,655,5402,1206,5423,1223,r1c4,452,,,,0,
,X,2916,646,2925,655,5446,1206,5464,1223,r1c5,449,,,,0,
,x,1649,656,1659,665,3080,1224,3099,1242,r1c2,480,,,,0,
,x,1649,656,1659,666,3081,1226,3099,1245,r1c3,480,,,,0,
,x,1649,657,1659,667,3081,1228,3099,1246,r0c3,480,,,,0,
,CENTRAL HO.,2355,660,2492,682,4399,1232,4654,1274,r0c4,470,,,,0,
598,302,2331,677,2348,717,4353,1265,4386,1338,r0c3,431,,,,0,1
,1,2541,688,2552,703,4746,1285,4766,1314,r0c4,399,,,,0,
,1,2494,690,2506,705,4659,1288,4680,1317,r0c4,393,,,,0,
,3,2679,700,2722,745,5004,1308,5085,1391,r0c4,372,,,,0,
,3,2685,700,2722,743,5015,1307,5084,1388,r0c5,372,,,,0,
,3,2685,700,2722,743,5015,1308,5084,1388,r1c5,372,,,,0,
,309,2105,707,2123,754,3931,1321,3966,1409,r0c3,355,,,,0,
,321½,2597,708,2643,725,4849,1322,4937,1354,r0c4,350,,,,0,
,x,1450,716,1461,727,2709,1337,2729,1357,r0c2,341,,,,0,
,2,1762,716,1804,759,3291,1338,3369,1418,r1c2,356,,,,0,
,2,1762,716,1804,760,3291,1337,3369,1420,r0c3,356,,,,0,
,2,1763,717,1804,760,3293,1338,3369,1420,r0c2,356,,,,0,
586,1,2494,719,2506,730,4659,1343,4680,1364,r0c4,333,,,,0,1
591,1,2541,720,2551,731,4746,1344,4765,1366,r0c4,329,,,,0,1
,x,2360,724,2372,734,4407,1353,4430,1371,r0c3,323,,,,0,
,x,2369,724,2375,733,4425,1352,4436,1369,r1c3,323,,,,0,
,x,2341,725,2344,733,4371,1355,4379,1369,r1c3,316,,,,0,
611,2,2974,726,2989,743,5554,1355,5583,1388,r0c5,317,,,,0,1
,x,2331,727,2341,736,4354,1357,4373,1374,r0c3,316,,,,0,
,1,2587,737,2597,751,4831,1376,4851,1403,r0c4,279,,,,0,
263,W.Ho,2599,745,2638,764,4854,1392,4927,1427,r1c4,646,1,,,0,
669,Gro,2942,747,2987,768,5494,1396,5578,1434,r0c5,262,1,,,0,
,X,2695,822,2706,833,5033,1536,5053,1556,r1c5,206,,,,0,
572,2,2736,858,2747,871,5111,1603,5131,1628,r1c5,330,1,,,0,
600,x,2334,874,2348,908,4360,1633,4386,1695,r1c3,272,,,,0,1
464,2,2793,884,2807,899,5216,1652,5243,1679,r1c5,481,1,,,0,
,STAGE,2735,904,2750,951,5108,1689,5137,1775,r1c5,334,,,,0,
548,2 Con Tec.,2765,1023,2847,1048,5165,1912,5317,1957,r1c4,539,,,,0,1
,2,1080,1026,1093,1041,2017,1916,2042,1945,r1c2,214,,,,0,
,0,1173,1030,1182,1041,2191,1923,2207,1945,r1c2,424,,,,0,
588,10'7,1112,1044,1152,1067,2076,1950,2152,1993,r1c2,358,,,,0,1
,D.H.,2151,1053,2186,1070,4018,1967,4083,1998,r1c4,258,,,,0,
,B.,2791,1058,2814,1073,5212,1976,5255,2005,r1c4,468,,,,0,
,1,2766,1068,2775,1080,5167,1995,5183,2018,r1c5,381,,,,0,
,103,1689,1070,1727,1085,3155,1998,3225,2026,r1c3,443,,,,0,
,WOODEN BRIDGE.,309,1121,584,1149,577,2093,1090,2146,r2c0,303,,,,0,
,GE.,537,1126,584,1149,1003,2103,1090,2146,r2c1,652,,,,0,
652,GE.,540,1126,583,1147,1009,2104,1089,2142,r1c1,303,1,,,0,
655,"S""W.P",1784,1133,1840,1150,3331,2116,3436,2149,r2c2,315,,,,0,1
615,S*W.P.,1782,1134,1841,1152,3329,2117,3439,2152,r2c3,315,,,,0,1
656,"8"" W.P.",1784,1134,1841,1153,3331,2118,3439,2154,r1c2,315,,,,0,1
,LAFAYETTE,1722,1164,2035,1210,3217,2175,3801,2261,r2c3,447,,,,0,
674,LAFA,1722,1166,1842,1210,3216,2178,3440,2260,r1c2,447,1,,,0,
,LAFA,1722,1167,1842,1210,3216,2179,3440,2261,r2c2,674,,,,0,
624,STEAM STREET Ry.,2166,1212,2373,1235,4045,2263,4432,2306,r1c4,642,1,,,0,
,STEAM STREET RY.,2165,1215,2373,1233,4043,2269,4432,2304,r2c4,624,,,,0,
,TAMPA STEAM STREET RY.,2077,1216,2372,1233,3879,2271,4430,2304,r2c3,642,,,,0,
575,DH.,1217,1258,1253,1274,2274,2350,2340,2379,r1c1,373,,,,0,1
,D.H.,1218,1258,1251,1274,2274,2350,2336,2379,r1c2,373,,,,0,
,D.H.,1217,1259,1253,1275,2274,2351,2340,2381,r2c1,373,,,,0,
,D.H.,3061,1265,3092,1281,5716,2363,5775,2392,r1c5,347,,,,0,
,"8""",2350,1273,2368,1285,4389,2378,4423,2399,r1c4,324,,,,0,
582,"8""",2679,1273,2694,1283,5003,2378,5032,2396,r1c4,331,,,,0,1
,"8""",2567,1275,2583,1286,4795,2382,4825,2402,r1c4,328,,,,0,
,119,2827,1276,2858,1293,5280,2384,5339,2414,r2c4,382,,,,0,
,119,2827,1276,2858,1292,5280,2383,5337,2412,r1c5,382,,,,0,
,"8""",2465,1277,2481,1288,4604,2385,4634,2406,r1c4,319,,,,0,
601,118,2827,1277,2857,1292,5280,2385,5336,2414,r1c4,382,,,,0,1
,117,2643,1283,2673,1296,4937,2396,4991,2421,r1c4,308,,,,0,
,112,2381,1285,2408,1298,4446,2401,4497,2425,r1c4,294,,,,0,
612,114,2489,1285,2520,1298,4649,2399,4706,2425,r1c4,296,,,,0,1
613,115,2535,1285,2563,1298,4735,2399,4786,2425,r1c4,299,,,,0,1
,116,2587,1285,2616,1298,4832,2399,4885,2425,r1c4,305,,,,0,
,118,2711,1285,2741,1298,5063,2399,5119,2425,r1c4,300,,,,0,
,118,2712,1285,2741,1301,5065,2400,5119,2430,r2c5,300,,,,0,
,118,2712,1285,2740,1300,5065,2399,5117,2428,r1c5,300,,,,0,
,113,2427,1286,2451,1298,4532,2402,4578,2425,r1c4,295,,,,0,
614,22,3028,1288,3041,1298,5656,2406,5680,2425,r1c5,290,,,,0,1
,109,1546,1295,1579,1310,2887,2418,2950,2447,r1c2,274,,,,0,
,110,1788,1295,1817,1309,3340,2418,3394,2444,r2c2,293,,,,0,
,110,1788,1295,1817,1309,3340,2419,3393,2445,r1c2,293,,,,0,
628,177,1850,1295,1876,1308,3455,2419,3504,2444,r1c3,269,,,,0,1
,110,1788,1296,1818,1308,3339,2421,3395,2444,r1c3,293,,,,0,
,Hides.,925,1298,1001,1323,1727,2425,1869,2471,r1c1,265,,,,0,
,2,2984,1301,2998,1319,5573,2431,5599,2464,r1c5,254,,,,0,
375,Off,2829,1306,2845,1347,5283,2440,5313,2516,r2c5,545,1,,,0,
,x,2745,1309,2757,1319,5126,2445,5149,2464,r1c4,559,,,,0,
,X,2746,1309,2758,1320,5128,2445,5151,2465,r1c5,559,,,,0,
,1,2361,1312,2371,1327,4410,2450,4429,2479,r2c3,223,,,,0,
,Sal.,2710,1316,2733,1363,5061,2459,5105,2546,r2c5,285,,,,0,
679,Rest,1793,1326,1842,1346,3348,2477,3440,2513,r2c2,284,,,,0,1
,8,2802,1335,2811,1345,5234,2493,5250,2512,r2c4,434,,,,0,
604,320,2334,1375,2351,1418,4360,2569,4392,2648,r2c3,273,1,,,0,
678,COMMER,645,1376,768,1405,1205,2570,1434,2625,r2c0,465,1,,,0,
659,12°,2364,1376,2378,1385,4415,2570,4442,2586,r2c3,199,,,,0,1
,TAMPA,537,1379,628,1405,1003,2576,1174,2623,r2c1,386,,,,0,
,TANK.,656,1472,701,1486,1225,2750,1310,2776,r2c0,433,,,,0,
,PIER No.2.,540,1507,700,1543,1009,2814,1307,2882,r2c1,552,,,,0,
,319,2344,1554,2360,1593,4377,2903,4407,2975,r2c3,250,,,,0,
,S.F.R.R.,1152,1600,1198,1685,2151,2988,2238,3147,r2c2,466,,,,0,
,5,1805,1637,1842,1680,3371,3058,3440,3137,r2c2,249,,,,0,
683,AS,1382,1664,1429,1733,2581,3108,2669,3237,r3c2,376,1,,,0,
649,S,1178,1668,1195,1683,2200,3115,2233,3144,r3c2,466,1,,,0,
,TAMPA,2203,1689,2249,1897,4115,3154,4201,3544,r3c4,616,,,,0,
,TAMPA,2203,1689,2247,1877,4115,3154,4196,3506,r2c3,616,,,,0,
,TAMPA,2205,1690,2248,1876,4118,3156,4198,3504,r2c4,616,,,,0,
410,306,2113,1700,2132,1748,3947,3176,3981,3265,r2c3,594,1,,,0,
,WIND MILL &,1799,1701,1895,1716,3360,3177,3540,3205,r3c3,342,,,,0,
,WIND,1801,1702,1837,1716,3364,3180,3430,3205,r3c2,645,,,,0,
645,WIND,1801,1703,1837,1716,3363,3181,3430,3206,r2c2,342,1,,,0,
,ELEV,1797,1718,1839,1732,3356,3208,3435,3234,r3c2,653,,,,0,
565,ELEV'O WATER,1798,1718,1914,1733,3357,3208,3574,3237,r3c3,374,,,,0,1
566,318,2345,1718,2363,1756,4379,3208,4413,3280,r3c4,428,,,,0,1
567,F,2809,1718,2819,1732,5247,3208,5265,3234,r3c4,495,,,,0,1
653,ELEV,1798,1719,1839,1733,3358,3210,3435,3236,r2c2,374,1,,,0,
,318,2345,1719,2363,1755,4380,3210,4413,3277,r3c3,566,,,,0,
,318,2345,1720,2362,1755,4380,3212,4412,3278,r2c3,566,,,,0,
,TANK,1800,1735,1842,1750,3361,3240,3440,3268,r3c2,680,,,,0,
680,TANK,1798,1736,1842,1750,3358,3242,3440,3268,r2c2,546,1,,,0,
413,TANKS,1800,1736,1853,1750,3362,3242,3461,3268,r2c3,546,1,,,0,
,2,2795,1752,2806,1764,5220,3273,5241,3294,r3c4,453,,,,0,
,x,883,1803,896,1816,1650,3368,1674,3391,r2c1,383,,,,0,
597,249,1486,1806,1508,1845,2776,3374,2816,3445,r2c2,377,,,,0,1
,W,174,1851,194,1868,326,3457,363,3488,r2c0,307,,,,0,
,317,2347,1894,2364,1933,4383,3538,4415,3610,r3c3,238,,,,0,
,2,1219,1921,1235,1938,2277,3588,2307,3620,r3c1,367,,,,0,
,W.Ho.,1154,1957,1216,1979,2155,3656,2271,3696,r3c2,519,,,,0,
,213,1241,1957,1261,1990,2318,3656,2356,3717,r3c1,320,,,,0,
609,79,2712,1960,2736,1977,5065,3660,5109,3693,r3c5,286,,,,0,1
608,16,1790,1970,1815,1987,3343,3679,3390,3710,r3c2,288,1,,,0,
,15,1617,1971,1649,1988,3020,3682,3079,3713,r3c3,248,,,,0,
685,JA,1781,2029,1842,2073,3326,3789,3440,3871,r3c2,321,1,,,0,
688,OODEN BRIDGE.,2148,2100,2331,2121,4012,3923,4353,3961,r3c4,576,1,,,0,
660,Gent Storag,1161,2140,1304,2169,2168,3997,2436,4052,r3c1,520,,,,0,1
,20,1681,2192,1709,2209,3139,4095,3192,4126,r3c3,394,,,,0,
,21,2732,2195,2765,2211,5102,4099,5164,4129,r3c5,362,,,,0,
,Storge,2587,2219,2612,2292,4832,4144,4878,4281,r4c4,389,,,,0,
696,Laint,2623,2219,2647,2288,4898,4144,4944,4273,r4c4,387,,,,0,1
,x,2676,2219,2686,2231,4999,4144,5017,4166,r4c4,242,,,,0,
650,Ri,435,2223,476,2303,812,4152,889,4301,r4c0,401,1,,,0,
644,9103,1397,2225,1412,2272,2608,4156,2637,4243,r4c2,336,,,,0,1
635,1½,2087,2228,2110,2249,3898,4162,3941,4200,r4c3,280,,,,0,1
632,GenY W.Ho,1301,2231,1337,2338,2429,4166,2498,4367,r4c2,507,,,,0,1
,x,2760,2241,2775,2251,5155,4185,5183,4205,r4c5,378,,,,0,
602,Chis,2649,2250,2664,2293,4947,4202,4976,4282,r4c4,384,,,,0,1
570,TAMPA STERM,3130,2252,3149,2380,5845,4205,5881,4445,r3c5,698,1,,,0,
577,"4""W.R",1473,2265,1495,2330,2752,4230,2792,4352,r4c2,454,,,,0,1
,406,3023,2277,3043,2323,5646,4252,5683,4339,r4c5,462,,,,0,
,x,2759,2287,2779,2302,5152,4272,5189,4299,r4c4,403,,,,0,
,"PENCER, HENDERSON MY Co. LIVERY.",1611,2288,2071,2325,3009,4273,3868,4342,r4c3,654,,,,0,
,x,2763,2290,2776,2300,5160,4276,5185,4296,r4c5,403,,,,0,
692,SPENCER. HENDERS,1593,2292,1842,2323,2976,4281,3440,4339,r4c2,686,,,,0,1
,1/2,1595,2332,1615,2354,2978,4356,3017,4396,r3c2,441,,,,0,
562,205,1570,2346,1587,2374,2932,4382,2964,4435,r3c2,404,,,,0,1
,TANK.,2842,2367,2887,2382,5307,4422,5392,4449,r3c5,359,,,,0,
,TANK.,2840,2369,2887,2383,5304,4424,5392,4451,r4c4,359,,,,0,
603,TRINK.,2842,2369,2887,2382,5307,4425,5392,4449,r3c4,359,,,,0,1
,x,2775,2390,2785,2403,5183,4463,5201,4488,r3c5,408,,,,0,
,x,2773,2392,2785,2403,5180,4467,5201,4487,r4c5,408,,,,0,
,X,2781,2392,2790,2405,5194,4468,5211,4492,r3c4,408,,,,0,
345,WATER.,558,2396,609,2535,1043,4474,1137,4735,r4c0,623,1,,,0,
226,36,2351,2476,2371,2512,4390,4625,4428,4692,r4c4,634,1,,,0,
261,W.Ho,1606,2512,1650,2538,3000,4692,3082,4740,r4c2,695,1,,,0,
,DOCK.,1119,2520,1205,2553,2089,4707,2251,4768,r4c2,490,,,,0,
,SHEDS,2728,2554,2779,2568,5095,4770,5190,4796,r4c5,391,,,,0,
,x,2793,2563,2802,2573,5216,4787,5233,4806,r4c5,456,,,,0,
549,10.8至,2754,2583,2804,2600,5144,4824,5237,4856,r4c5,457,,,,0,1
,x,1619,2591,1627,2601,3023,4840,3039,4859,r4c3,201,,,,0,
,x,2718,2592,2727,2602,5076,4841,5094,4860,r4c5,266,,,,0,
351,TIDE,568,2594,614,2694,1061,4844,1148,5031,r4c0,623,1,,,0,
626,1/2,1809,2643,1825,2658,3379,4936,3409,4965,r4c2,246,,,,0,1
530,1/2,1741,2645,1758,2661,3251,4940,3282,4969,r4c2,421,,,,0,1
697,TRI,2889,2653,2916,2671,5396,4955,5446,4989,r4c4,225,,,,0,1
,36,2354,2669,2373,2704,4397,4985,4432,5051,r4c3,220,,,,0,
,x,1642,2684,1651,2694,3066,5012,3083,5031,r4c3,255,,,,0,
,x,2842,2689,2856,2703,5308,5022,5334,5048,r4c4,346,,,,0,
543,210E,1730,2697,1769,2711,3231,5037,3304,5062,r4c2,435,,,,0,1
,2,3006,2774,3025,2792,5614,5180,5650,5215,r5c5,244,,,,0,
620,104,3040,2795,3056,2842,5677,5219,5708,5308,r5c5,357,,,,0,1
618,5,3002,2796,3023,2825,5607,5222,5646,5277,r5c5,335,1,,,0,
617,Genit,2939,2798,2996,2824,5489,5225,5596,5274,r5c5,335,,,,0,1
,Vac.,2766,2813,2789,2854,5167,5254,5208,5330,r5c5,412,,,,0,
,Vac.,2697,2814,2722,2861,5036,5257,5084,5344,r5c5,411,,,,0,
412,Vac.,2766,2814,2788,2856,5166,5256,5207,5333,r4c4,556,1,,,0,
,Vac.,2700,2817,2722,2856,5043,5262,5084,5335,r4c5,411,,,,0,
,2,2750,2839,2769,2861,5137,5302,5172,5343,r5c5,414,,,,0,
,1,2685,2841,2700,2864,5015,5305,5043,5348,r5c5,699,,,,0,
414,2,2752,2841,2765,2860,5139,5306,5165,5342,r4c4,556,1,,,0,
564,Fac.,1666,2843,1699,2865,3111,5309,3174,5351,r4c3,422,,,,0,1
,x,3012,2846,3024,2857,5626,5315,5647,5335,r5c5,406,,,,0,
,x,2795,2850,2807,2861,5221,5323,5242,5344,r4c4,442,,,,0,
,x,2724,2856,2735,2865,5088,5334,5108,5351,r5c5,581,,,,0,
,x,2799,2856,2807,2865,5227,5334,5243,5351,r5c5,442,,,,0,
,108,2763,2867,2797,2882,5161,5354,5224,5383,r5c5,476,,,,0,
,10'7,2693,2869,2731,2886,5030,5358,5101,5390,r5c5,484,,,,0,
,108,2764,2869,2798,2884,5162,5358,5225,5387,r5c4,476,,,,0,
,108,2764,2869,2798,2883,5162,5358,5226,5384,r4c5,476,,,,0,
640,10.7,2693,2870,2729,2887,5030,5361,5096,5392,r4c5,484,,,,0,1
496,107,2695,2871,2729,2886,5033,5361,5098,5390,r5c4,484,,,,0,1
,105,2523,2873,2561,2890,4712,5366,4783,5398,r4c4,487,,,,0,
492,106,2636,2873,2669,2888,4923,5366,4984,5394,r5c4,491,,,,0,1
,D.H.,2176,2874,2211,2890,4065,5368,4129,5397,r5c4,486,,,,0,
,x,3043,2874,3054,2884,5683,5368,5705,5387,r5c5,485,,,,0,
,D.H.,2176,2875,2211,2891,4065,5369,4129,5399,r4c3,486,,,,0,
,D.H.,2176,2875,2211,2891,4065,5369,4129,5399,r4c4,486,,,,0,
,104,2413,2876,2451,2893,4507,5371,4577,5404,r4c4,479,,,,0,
,102,1830,2879,1867,2895,3418,5378,3486,5407,r4c3,471,,,,0,
,103,2046,2880,2083,2896,3822,5379,3890,5408,r4c3,472,,,,0,
,101,1672,2882,1706,2898,3124,5383,3187,5413,r5c3,511,,,,0,
,101,1673,2884,1705,2898,3125,5387,3184,5412,r4c3,511,,,,0,
,TAMPA WHARF CO.,1201,2893,1446,2964,2243,5404,2700,5536,r4c2,426,,,,0,
,TAMPA,1200,2924,1295,2965,2241,5460,2419,5538,r5c1,631,,,,0,
631,TAMPA,1201,2926,1293,2964,2244,5465,2416,5536,r4c1,426,1,,,0,
592,"3"" W.P.",2489,2933,2547,2950,4649,5478,4758,5510,r4c4,338,,,,0,1
,"6""W.P.",1924,2939,1991,2957,3594,5490,3719,5523,r4c3,325,,,,0,
693,07,1518,2960,1538,2987,2835,5529,2872,5579,r4c2,276,1,,,0,
694,W.Ho,1459,2972,1509,2987,2725,5550,2819,5579,r4c2,245,,,,0,1
700,DOCK,1234,3004,1305,3040,2305,5611,2437,5678,r5c1,337,1,,,0,
,116,2831,3096,2861,3109,5287,5782,5343,5807,r5c4,369,,,,0,
,115,2752,3102,2782,3117,5140,5793,5195,5822,r5c5,397,,,,0,
,109,1746,3116,1783,3130,3261,5819,3330,5846,r5c2,396,,,,0,
,2,2809,3125,2828,3140,5247,5836,5281,5865,r5c4,418,,,,0,
,2,2884,3125,2897,3140,5386,5836,5410,5865,r5c4,251,,,,0,
,9,1728,3138,1742,3155,3227,5860,3254,5893,r5c2,440,,,,0,
,Vac,1739,3154,1772,3175,3248,5891,3310,5931,r5c2,416,,,,0,
,DOCKS.,1225,3187,1250,3292,2288,5952,2335,6149,r5c1,352,,,,0,
701,KITC,1804,3202,1842,3215,3370,5979,3440,6004,r5c2,256,1,,,0,
569,COMP,1220,3348,1252,3441,2278,6253,2338,6427,r5c1,605,1,,,0,
606,313,2365,3356,2385,3396,4418,6269,4454,6342,r6c4,368,,,,0,1
529,14,1482,3413,1504,3432,2768,6375,2809,6409,r6c2,463,,,,0,1
,8,2697,3414,2730,3460,5036,6377,5099,6461,r5c5,524,,,,0,
,8,2697,3415,2731,3458,5037,6378,5100,6459,r5c4,524,,,,0,
,8,2697,3415,2731,3459,5036,6378,5101,6459,r6c5,524,,,,0,
,1,1255,3419,1269,3435,2344,6385,2370,6415,r6c2,467,,,,0,
,SEE,3362,3420,3396,3494,6280,6387,6343,6526,r5c5,563,,,,0,
,9,1924,3424,1959,3469,3593,6395,3659,6479,r5c3,500,,,,0,
553,1/2,2136,3427,2155,3473,3990,6401,4024,6487,r5c3,493,,,,0,1
526,W.H.D.,1306,3433,1362,3455,2439,6411,2544,6453,r5c2,477,,,,0,1
516,1/2,2060,3433,2086,3452,3848,6413,3895,6447,r5c3,469,,,,0,1
459,1,2119,3439,2127,3453,3958,6422,3973,6449,r6c3,503,1,,,0,
537,1,1983,3449,1993,3460,3703,6441,3722,6463,r5c3,430,,,,0,1
538,1,1982,3450,1993,3460,3702,6444,3722,6463,r5c3,430,,,,0,1
661,RCIAL,1228,3452,1251,3540,2294,6447,2337,6612,r5c1,605,1,,,0,
554,1,2091,3463,2099,3473,3905,6467,3921,6486,r5c3,398,,,,0,1
555,1,2110,3463,2119,3473,3941,6467,3958,6486,r5c3,392,,,,0,1
,Vac.,2978,3470,3018,3491,5561,6481,5636,6520,r5c5,380,,,,0,
619,9/3,1513,3480,1531,3519,2825,6499,2859,6573,r5c2,360,,,,0,1
578,TANK,2021,3483,2060,3496,3775,6504,3847,6530,r5c3,349,,,,0,1
,B.,3040,3483,3061,3504,5677,6504,5718,6545,r5c5,353,,,,0,
,TANK,1334,3490,1370,3503,2492,6519,2558,6542,r5c2,340,,,,0,
610,UN RTS,1339,3501,1384,3514,2501,6539,2585,6563,r5c2,311,,,,0,1
,x,3006,3516,3017,3526,5614,6568,5634,6585,r5c5,267,,,,0,
,x,3023,3516,3032,3526,5646,6568,5663,6585,r5c5,268,,,,0,
,TANK,1878,3519,1912,3533,3508,6573,3571,6599,r5c3,252,,,,0,
643,THANK,2008,3519,2046,3534,3750,6573,3822,6601,r5c3,253,1,,,0,
,HOTEL,1794,3531,1835,3551,3351,6594,3427,6633,r6c2,281,,,,0,
636,RMS.,1794,3545,1833,3565,3351,6620,3423,6657,r6c2,282,,,,0,1
,x,1798,3570,1807,3578,3358,6667,3376,6682,r6c2,270,,,,0,
,x,2884,3717,2897,3729,5386,6941,5410,6964,r6c4,234,,,,0,
,80',2232,3736,2285,3765,4170,6977,4267,7032,r6c4,504,,,,0,
703,2,1830,3764,1842,3777,3417,7030,3440,7055,r6c2,184,1,,,0,
,19,2720,3781,2746,3801,5079,7062,5128,7099,r6c5,322,,,,0,
621,20,2863,3781,2894,3798,5347,7062,5406,7093,r6c4,292,1,,,0,
573,D.H.,1754,3790,1791,3807,3275,7078,3344,7111,r6c2,379,,,,0,1
702,Scale of F,614,3827,768,3854,1146,7148,1434,7198,r6c0,542,1,,,0,
,50,699,3860,720,3873,1305,7210,1344,7234,r6c0,339,,,,0,
,0,548,3861,560,3875,1023,7211,1046,7237,r6c1,210,,,,0,
557,VIC.,1676,3982,1713,4005,3131,7438,3200,7481,r6c3,512,,,,0,1
,e,2797,3988,2811,3999,5224,7449,5250,7469,r6c5,497,,,,0,
,r,2745,3989,2765,4000,5127,7451,5164,7471,r6c5,501,,,,0,
704,11,2685,3992,2701,4004,5015,7455,5045,7478,r6c5,509,,,,0,1
,e,2333,3994,2351,4008,4357,7459,4390,7486,r6c3,525,,,,0,
,X,1673,4005,1685,4016,3125,7481,3147,7501,r6c3,540,,,,0,
